nombre,categoria,consultas_brave,bloqueado_por_brave,pedido_por_paginas_brave,propio_de_brave,consultas_chrome,pedido_por_paginas_chrome
0279174d874b575a8faa6e901da0649a.safeframe.googlesyndication.com,publicidad,3,0,1,0,0,0
0f445f7d01e63300fb6992595e99bb3a.safeframe.googlesyndication.com,publicidad,0,0,0,0,2,1
5d0bb38d-5d11-422f-9df7-9b1c3bded5d7.edge.permutive.app,rastreador,3,0,1,0,2,1
5d0bb38d-5d11-422f-9df7-9b1c3bded5d7.prmutv.co,desconocido,3,0,1,0,2,1
a.amxrtb.com,desconocido,3,0,1,0,2,1
a.sportradarserving.com,desconocido,0,0,0,0,2,1
a.teads.tv,publicidad,3,1,1,0,2,1
a.tribalfusion.com,publicidad,0,0,0,0,2,1
aa.agkn.com,rastreador,0,0,0,0,2,1
aax-eu.amazon-adsystem.com,publicidad,3,0,1,0,2,1
accounts.google.com,desconocido,7,0,1,0,8,1
ad.360yield.com,publicidad,3,0,1,0,2,1
ad.doubleclick.net,publicidad,3,0,1,0,4,1
ad.impactify.media,desconocido,0,0,0,0,2,1
ad.turn.com,publicidad,5,0,1,0,6,1
ads.avads.net,rastreador,0,0,0,0,2,1
ads.betweendigital.com,desconocido,0,0,0,0,2,1
ads.creative-serving.com,publicidad,3,0,1,0,2,1
ads.eltiempo.co,desconocido,3,0,1,0,2,1
ads.pubmatic.com,publicidad,5,0,1,0,5,1
ads.servenobid.com,desconocido,0,0,0,0,2,1
ads.us.e-planning.net,publicidad,0,0,0,0,2,1
ads.yieldmo.com,publicidad,3,0,1,0,2,1
ads149.adtelligent.com,desconocido,0,0,0,0,2,1
adserv.mobi,desconocido,3,0,1,0,3,1
adv.eltiempo.digital,desconocido,3,0,1,0,2,1
analytics.ahrefs.com,desconocido,0,0,0,0,2,1
analytics.google.com,publicidad,3,0,1,0,6,1
analytics.twitter.com,desconocido,3,0,1,0,2,1
aorta.clickagy.com,desconocido,6,0,1,0,2,1
ap.lijit.com,publicidad,3,0,1,0,4,1
api-esp.piano.io,publicidad,3,1,1,0,2,1
api-ssp.spot.im,desconocido,0,0,0,0,2,1
api.id5-sync.com,publicidad,3,0,1,0,2,1
api.mercadolibre.com,desconocido,3,0,1,0,2,1
api.permutive.com,publicidad,3,1,1,0,2,1
applets.ebxcdn.com,rastreador,3,0,1,0,2,1
apps.smartadserver.com,publicidad,3,0,1,0,2,1
b1sync.outbrain.com,publicidad,3,0,1,0,3,1
b1sync.zemanta.com,publicidad,3,0,1,0,2,1
bcp.crwdcntrl.net,rastreador,3,0,1,0,4,1
beacon.lynx.cognitivlabs.com,desconocido,6,0,1,0,2,1
bh.contextweb.com,publicidad,3,0,1,0,2,1
brave-core-ext.s3.brave.com,desconocido,2,0,0,1,0,0
bttrack.com,publicidad,3,0,1,0,2,1
buy.tinypass.com,desconocido,3,0,1,0,2,1
c.amazon-adsystem.com,publicidad,3,0,1,0,2,1
c.bing.com,desconocido,0,0,0,0,2,1
c.go-mpulse.net,rastreador,0,0,0,0,2,1
c1.adform.net,publicidad,3,0,1,0,4,1
c2.piano.io,publicidad,3,0,1,0,2,1
capi.connatix.com,rastreador,0,0,0,0,2,1
casale-match.dotomi.com,publicidad,3,0,1,0,0,0
cdn.cxense.com,rastreador,3,0,1,0,2,1
cdn.id5-sync.com,publicidad,3,0,1,0,4,1
cdn.jsdelivr.net,desconocido,0,0,0,0,2,1
cdn.mgaru.dev,desconocido,3,0,1,0,2,1
cdn.permutive.com,publicidad,3,0,1,0,4,1
cdn.taboola.com,publicidad,0,1,1,0,2,1
cdn.tinypass.com,desconocido,3,0,1,0,2,1
cdn.undertone.com,publicidad,0,0,0,0,2,1
cdnjs.cloudflare.com,desconocido,3,0,1,0,2,1
cds.taboola.com,publicidad,0,0,0,0,2,1
ce.lijit.com,publicidad,3,0,1,0,2,1
ced.sascdn.com,desconocido,3,0,1,0,2,1
cloudfront-us-east-1.images.arcpublishing.com,desconocido,3,0,1,0,2,1
cm-mx.advolve.io,desconocido,0,0,0,0,4,1
cm.adform.net,publicidad,3,0,1,0,2,1
cm.adgrx.com,desconocido,0,0,0,0,2,1
cm.ctnsnet.com,desconocido,3,0,1,0,0,0
cm.g.doubleclick.net,publicidad,5,0,1,0,6,1
cm.mgid.com,publicidad,0,0,0,0,3,1
cms-xch-chicago.33across.com,publicidad,3,0,1,0,2,1
cms.quantserve.com,publicidad,3,0,1,0,2,1
code.jquery.com,desconocido,3,0,1,0,2,1
collector.bsg.brave.com,desconocido,6,0,0,1,4,0
comcluster.cxense.com,rastreador,3,0,1,0,3,1
componentupdater.brave.com,desconocido,4,0,0,1,0,0
config.aps.amazon-adsystem.com,publicidad,3,0,1,0,2,1
connect.facebook.net,desconocido,3,0,1,0,2,1
connectid.analytics.yahoo.com,rastreador,3,0,1,0,4,1
cookie-sync.adsmovil.com,desconocido,3,0,1,0,2,1
cookies.nextmillmedia.com,desconocido,0,0,0,0,2,1
core.iprom.net,desconocido,0,0,0,0,4,1
cpm.chocolateplatform.com,desconocido,3,0,1,0,2,1
cpm.vistarsagency.com,desconocido,0,0,0,0,4,1
crb.kargo.com,publicidad,0,0,0,0,2,1
creativecdn.com,desconocido,3,0,1,0,2,1
cs-ob.yellowblue.io,desconocido,0,0,0,0,2,1
cs-rtb.minutemedia-prebid.com,desconocido,3,0,1,0,2,1
cs-server-s2s.yellowblue.io,desconocido,0,0,0,0,2,1
cs.admanmedia.com,publicidad,5,0,1,0,4,1
cs.ingage.tech,desconocido,0,0,0,0,2,1
cs.krushmedia.com,desconocido,3,0,1,0,2,1
cs.loudecho.ai,desconocido,0,0,0,0,2,1
cs.media.net,rastreador,3,0,1,0,3,1
cs.openwebmp.com,desconocido,0,0,0,0,4,1
cs.seedtag.com,desconocido,0,0,0,0,2,1
cs2.mathilde-ads.com,rastreador,3,0,1,0,2,1
csi.gstatic.com,rastreador,3,0,1,0,4,1
csp.withgoogle.com,desconocido,3,0,1,0,0,0
csync-global.smartadserver.com,publicidad,2,0,1,0,2,1
csync-us.smartadserver.com,publicidad,2,0,1,0,2,1
csync.copper6.com,desconocido,0,0,0,0,2,1
csync.loopme.me,desconocido,3,0,1,0,2,1
csync.smilewanted.com,publicidad,3,0,1,0,2,1
d.adroll.com,publicidad,3,0,1,0,2,1
d5p.de17a.com,publicidad,0,0,0,0,2,1
data.adsrvr.org,publicidad,3,0,1,0,0,0
de.tynt.com,publicidad,3,0,1,0,2,1
dis.criteo.com,publicidad,3,0,1,0,2,1
dmp.im-apps.net,desconocido,3,0,1,0,4,1
dp1.33across.com,publicidad,3,0,1,0,2,1
dpm.demdex.net,rastreador,0,0,0,0,2,1
dsp-cookie.adfarm1.adition.com,publicidad,3,0,1,0,2,1
dsp-service.admatic.de,desconocido,0,0,0,0,2,1
dsp-service.adtarget.biz,desconocido,0,0,0,0,2,1
dsp.360yield.com,publicidad,3,0,1,0,2,1
dsp.adkernel.com,desconocido,0,0,0,0,2,1
dsp.nrich.ai,desconocido,0,0,0,0,2,1
dsum-sec.casalemedia.com,publicidad,2,0,1,0,2,1
dsum.casalemedia.com,publicidad,2,0,1,0,0,0
dv-c3e594c6d429469e90b54478358619c3.ecs.us-east-1.on.aws,desconocido,3,0,1,0,2,1
e3d5449939b168dd52be098f0599e8a4.safeframe.googlesyndication.com,publicidad,0,0,0,0,2,1
eb2.3lift.com,publicidad,3,0,1,0,4,1
endpoint2.mathilde-ads.com,rastreador,3,1,1,0,2,1
ep1.adtrafficquality.google,desconocido,3,0,1,0,4,1
ep2.adtrafficquality.google,desconocido,5,0,1,0,8,1
equativ-match.dotomi.com,publicidad,3,0,1,0,2,1
esp.rtbhouse.com,desconocido,3,0,1,0,0,0
eu-u.openx.net,publicidad,3,0,1,0,2,1
eus.rubiconproject.com,publicidad,3,0,1,0,2,1
event.getblue.io,desconocido,5,0,1,0,4,1
events.newsroom.bi,rastreador,3,1,1,0,6,1
exchange.appnerve.net,desconocido,0,0,0,0,4,1
experiences.mrf.io,desconocido,0,0,0,0,2,1
experiences.newsroom.bi,desconocido,3,0,1,0,6,1
fastlane.rubiconproject.com,publicidad,3,1,1,0,2,1
fonts.googleapis.com,desconocido,7,0,1,0,6,1
fonts.gstatic.com,desconocido,9,0,1,0,8,1
freewheel-match.dotomi.com,publicidad,0,0,0,0,2,1
fundingchoicesmessages.google.com,desconocido,0,0,0,0,2,1
go-updater.brave.com,desconocido,4,0,0,1,0,0
go.mediagotechnology.com,desconocido,3,0,1,0,2,1
gocm.c.appier.net,desconocido,0,0,0,0,4,1
google-bidout-d.openx.net,publicidad,3,0,1,0,2,1
googleads.g.doubleclick.net,publicidad,5,0,1,0,10,1
grid-bidder.criteo.com,publicidad,3,1,1,0,2,1
gum.criteo.com,publicidad,3,0,1,0,6,1
gumgum-match.dotomi.com,publicidad,3,0,1,0,2,1
gw-iad-bid.ymmobi.com,desconocido,3,0,1,0,2,1
hb.20m.es,desconocido,3,0,1,0,2,1
hb.trustedstack.com,desconocido,3,0,1,0,2,1
hbx.media.net,publicidad,4,0,1,0,2,1
hde.tynt.com,publicidad,3,0,1,0,2,1
http2.mlstatic.com,desconocido,3,1,1,0,2,1
i.ctnsnet.com,desconocido,3,0,1,0,2,1
i.liadm.com,publicidad,0,0,0,0,2,1
i.w55c.net,publicidad,0,0,0,0,2,1
i.ytimg.com,desconocido,5,0,1,0,6,1
ib.adnxs.com,publicidad,5,0,1,0,4,1
ice.360yield.com,publicidad,0,0,0,0,4,1
icu.newsroom.bi,desconocido,3,1,1,0,0,0
id.a-mx.com,rastreador,3,0,1,0,2,1
id.cxense.com,rastreador,3,0,1,0,3,1
id.rlcdn.com,publicidad,3,0,1,0,2,1
id.rtb.mx,desconocido,3,0,1,0,2,1
id5-sync.com,publicidad,5,1,1,0,6,1
ident.mygaru.com,desconocido,3,0,1,0,2,1
idpix.media6degrees.com,publicidad,0,0,0,0,2,1
idsync.rlcdn.com,publicidad,0,0,0,0,2,1
image2.pubmatic.com,publicidad,0,0,0,0,2,1
image4.pubmatic.com,publicidad,0,0,0,0,2,1
image6.pubmatic.com,publicidad,3,0,1,0,2,1
image8.pubmatic.com,desconocido,3,0,1,0,2,1
imagenes2.eltiempo.com,desconocido,2,0,1,0,2,1
images.taboola.com,publicidad,0,0,0,0,2,1
imasdk.googleapis.com,desconocido,5,0,1,0,4,1
invstatic101.creativecdn.com,desconocido,3,0,1,0,4,1
ipac.ctnsnet.com,desconocido,0,0,0,0,2,1
ittpx.eskimi.com,desconocido,3,0,1,0,2,1
jadserve.postrelease.com,publicidad,0,0,0,0,2,1
jelly.mdhv.io,rastreador,0,0,0,0,3,1
jnn-pa.googleapis.com,desconocido,3,0,1,0,4,1
js.stripe.com,desconocido,5,0,1,0,4,1
la-trc-events.taboola.com,publicidad,0,0,0,0,2,1
lb.eu-1-id5-sync.com,rastreador,3,0,1,0,2,1
lbs.eu-1-id5-sync.com,rastreador,3,0,1,0,2,1
live.primis.tech,desconocido,3,0,1,0,0,0
m.stripe.com,desconocido,3,0,1,0,2,1
m.stripe.network,desconocido,3,0,1,0,2,1
marfeelexperimentsexperienceengine.mrf.io,desconocido,3,0,1,0,6,1
match.adsby.bidtheatre.com,publicidad,0,0,0,0,4,1
match.adsrvr.org,publicidad,3,0,1,0,4,1
match.deepintent.com,publicidad,3,0,1,0,2,1
match.prod.bidr.io,publicidad,5,0,1,0,4,1
match.sharethrough.com,publicidad,3,0,1,0,4,1
measureadv.com,rastreador,3,0,1,0,2,1
movilidad.ceet.co,desconocido,3,0,1,0,2,1
mpc-prod-28-1053047382554.us-central1.run.app,desconocido,3,0,1,0,2,1
ms-cookie-sync.presage.io,desconocido,3,0,1,0,2,1
news.google.com,desconocido,0,0,0,0,4,1
o11y-proxy-otel-frontend.meli.com,desconocido,3,0,1,0,2,1
oa.openxcdn.net,desconocido,3,0,1,0,4,1
ogury-match.dotomi.com,publicidad,3,0,1,0,2,1
onetag-sys.com,desconocido,3,0,1,0,2,1
ortb.vdo.ai,desconocido,0,0,0,0,2,1
ow.pubmatic.com,publicidad,3,0,1,0,2,1
p.rfihub.com,desconocido,3,0,1,0,2,1
pagead2.googlesyndication.com,publicidad,5,0,1,0,15,1
pbs-cs.yellowblue.io,desconocido,3,0,1,0,2,1
pbs-us-east.openx.net,publicidad,0,0,0,0,5,1
pbs.yahoo.com,desconocido,0,0,0,0,2,1
pbsj.bricks-co.com,desconocido,3,0,1,0,2,1
pippio.com,rastreador,0,0,0,0,2,1
pixel-eu.rubiconproject.com,publicidad,8,0,1,0,4,1
pixel-sync.sitescout.com,desconocido,3,0,1,0,2,1
pixel-us-east.rubiconproject.com,publicidad,2,0,1,0,2,1
pixel-us-west.rubiconproject.com,publicidad,2,0,1,0,2,1
pixel.33across.com,publicidad,0,0,0,0,2,1
pixel.onaudience.com,publicidad,0,0,0,0,2,1
pixel.rubiconproject.com,publicidad,3,0,1,0,2,1
pixel.tapad.com,publicidad,3,0,1,0,2,1
placements.mercadolibre.com,desconocido,3,0,1,0,0,0
play.google.com,desconocido,0,0,0,0,4,1
pm-widget.taboola.com,publicidad,0,0,0,0,2,1
pm.w55c.net,publicidad,0,0,0,0,2,1
pmp.mxptint.net,publicidad,0,0,0,0,2,1
pool.liftdsp.com,desconocido,3,0,1,0,2,1
prebid-match.dotomi.com,publicidad,3,0,1,0,2,1
prebid.a-mo.net,desconocido,3,0,1,0,2,1
prebid.admatic.de,desconocido,0,0,0,0,2,1
prebid.adtarget.biz,desconocido,0,0,0,0,2,1
prebidsrvr.cootlogix.com,publicidad,0,0,0,0,2,1
preenrolamiento.mathilde-ads.com,rastreador,3,0,1,0,2,1
print1.mercadoclics.com,desconocido,0,1,1,0,2,1
prism-tracking.pacvue.com,desconocido,0,0,0,0,2,1
pubads.g.doubleclick.net,publicidad,3,0,1,0,2,1
public.servenobid.com,desconocido,0,0,0,0,4,1
pubmatic-match.dotomi.com,publicidad,0,0,0,0,2,1
px.ads.linkedin.com,publicidad,3,0,1,0,2,1
pxl.iqm.com,publicidad,3,0,1,0,2,1
redirector.brave.com,desconocido,4,0,0,1,0,0
rr2---sn-ja5gvjv-c59z.googlevideo.com,desconocido,0,0,0,0,2,1
rr4---sn-ja5gvjv-c59z.googlevideo.com,desconocido,3,0,1,0,2,1
rr5---sn-hgn7rn7k.googlevideo.com,desconocido,0,0,0,0,15,1
rt.marphezis.com,desconocido,0,0,0,0,2,1
rtb-csync.smartadserver.com,publicidad,2,0,1,0,6,1
rtb.adentifi.com,desconocido,3,0,1,0,2,1
rtb.adstanding.com,publicidad,3,0,1,0,0,0
rtb.gumgum.com,publicidad,3,0,1,0,2,1
rtb.mfadsrvr.com,publicidad,3,0,1,0,2,1
rtb.openx.net,publicidad,5,0,1,0,4,1
s.ad.smaato.net,desconocido,3,0,1,0,2,1
s.adtelligent.com,desconocido,0,0,0,0,3,1
s.amazon-adsystem.com,publicidad,3,0,1,0,2,1
s.company-target.com,desconocido,3,0,1,0,2,1
s.e-planning.net,publicidad,0,0,0,0,2,1
s.go-mpulse.net,rastreador,0,1,1,0,2,1
s.seedtag.com,desconocido,3,0,1,0,3,1
s.tribalfusion.com,publicidad,0,0,0,0,2,1
s0.2mdn.net,publicidad,3,0,1,0,4,1
safebrowsing.brave.com,desconocido,2,0,0,1,0,0
sb.scorecardresearch.com,publicidad,3,0,1,0,4,1
script.crazyegg.com,publicidad,3,0,1,0,2,1
sdk.mrf.io,desconocido,3,1,1,0,6,1
secure-assets.rubiconproject.com,publicidad,3,0,1,0,2,1
secure.adnxs.com,publicidad,5,0,1,0,4,1
secure.cdn.fastclick.net,publicidad,3,0,1,0,2,1
securepubads.g.doubleclick.net,publicidad,5,0,1,0,8,1
server.smartytech.io,desconocido,0,0,0,0,4,1
sg.semasio.net,publicidad,0,0,0,0,2,1
shb.richaudience.com,publicidad,3,1,1,0,2,1
simage2.pubmatic.com,desconocido,0,0,0,0,2,1
simage4.pubmatic.com,desconocido,0,0,0,0,2,1
sonata-notifications.taptapnetworks.com,desconocido,3,0,1,0,2,1
sonic.impactify.media,desconocido,0,0,0,0,2,1
ssb-global.smartadserver.com,publicidad,5,1,1,0,2,1
ssbsync-global.smartadserver.com,publicidad,5,0,1,0,2,1
ssbsync-us.smartadserver.com,publicidad,3,0,1,0,3,1
ssbsync.smartadserver.com,publicidad,6,0,1,0,2,1
ssc-cms.33across.com,publicidad,5,0,1,0,2,1
ssp-sync.criteo.com,publicidad,5,0,1,0,4,1
ssp.api.tappx.com,publicidad,3,0,1,0,2,1
ssp.disqus.com,desconocido,3,0,1,0,2,1
ssp.wp.pl,desconocido,3,0,1,0,2,1
ssum-sec.casalemedia.com,publicidad,3,0,1,0,2,1
ssum.casalemedia.com,publicidad,0,0,0,0,2,1
star-randsrv.bsg.brave.com,desconocido,8,0,0,1,2,0
static.ads-twitter.com,publicidad,3,0,1,0,2,1
static.cdn.admatic.de,desconocido,0,0,0,0,2,1
static.cloudflareinsights.com,publicidad,0,0,0,0,2,1
static.criteo.net,publicidad,3,0,1,0,4,1
static.doubleclick.net,publicidad,3,0,1,0,4,1
stats-collector.cxense.com,rastreador,3,1,1,0,3,1
stats.g.doubleclick.net,publicidad,3,0,1,0,6,1
stx-match.dotomi.com,publicidad,3,0,1,0,4,1
sync-km.ads.yieldmo.com,publicidad,0,0,0,0,5,1
sync-ssp.adsmovil.com,desconocido,3,0,1,0,2,1
sync-tm.everesttech.net,rastreador,3,0,1,0,2,1
sync.1rx.io,publicidad,3,0,1,0,2,1
sync.a-mo.net,desconocido,3,0,1,0,2,1
sync.adkernel.com,desconocido,3,0,1,0,2,1
sync.adotmob.com,publicidad,3,0,1,0,2,1
sync.adtech.ink,desconocido,0,0,0,0,2,1
sync.adtelligent.com,desconocido,0,0,0,0,2,1
sync.aniview.com,publicidad,0,0,0,0,4,1
sync.aralego.com,publicidad,0,0,0,0,2,1
sync.bidmatic.io,desconocido,0,0,0,0,4,1
sync.colossusssp.com,desconocido,0,0,0,0,2,1
sync.connectad.io,publicidad,3,0,1,0,2,1
sync.cootlogix.com,publicidad,0,0,0,0,2,1
sync.crwdcntrl.net,rastreador,0,0,0,0,2,1
sync.drift-pixel.ai,desconocido,0,0,0,0,2,1
sync.dxtech.ai,desconocido,0,0,0,0,2,1
sync.e-planning.net,publicidad,0,0,0,0,2,1
sync.go.sonobi.com,publicidad,0,0,0,0,2,1
sync.inmobi.com,publicidad,0,0,0,0,2,1
sync.ipredictive.com,publicidad,3,0,1,0,2,1
sync.iqzonertb.live,desconocido,0,0,0,0,2,1
sync.kueezrtb.com,publicidad,0,0,0,0,2,1
sync.lunamedia.live,desconocido,3,0,1,0,2,1
sync.mathtag.com,publicidad,3,0,1,0,4,1
sync.p7cloud.net,rastreador,0,0,0,0,2,1
sync.pmbmonetize.live,desconocido,3,0,1,0,2,1
sync.programmaticx.ai,desconocido,0,0,0,0,2,1
sync.rbstsystems.live,desconocido,0,0,0,0,2,1
sync.resetdigital.co,desconocido,0,0,0,0,2,1
sync.richaudience.com,publicidad,3,0,1,0,2,1
sync.serverbid.com,desconocido,0,0,0,0,4,1
sync.smartadserver.com,publicidad,3,0,1,0,0,0
sync.sparteo.com,desconocido,3,0,1,0,2,1
sync.springserve.com,publicidad,0,0,0,0,2,1
sync.srv.stackadapt.com,publicidad,3,0,1,0,2,1
sync.targeting.unrulymedia.com,publicidad,3,0,1,0,2,1
sync.technoratimedia.com,desconocido,0,0,0,0,2,1
sync.visx.net,desconocido,3,0,1,0,2,1
sync6.im-apps.net,desconocido,3,0,1,0,4,1
syncingbridge.com,rastreador,3,0,1,0,2,1
t.adx.opera.com,rastreador,7,0,1,0,4,1
t.co,publicidad,3,0,1,0,2,1
t.oa.opera.com,desconocido,5,0,1,0,4,1
t.trafmag.com,desconocido,0,0,0,0,4,1
tags.crwdcntrl.net,rastreador,3,0,1,0,4,1
tags.tiqcdn.com,publicidad,3,0,1,0,2,1
token.rubiconproject.com,publicidad,2,0,1,0,2,1
tpc.googlesyndication.com,publicidad,5,0,1,0,10,1
tr.blismedia.com,desconocido,5,0,1,0,4,1
trace.mediago.io,desconocido,6,0,1,0,0,0
trace.us.rtbwise.com,desconocido,5,0,1,0,4,1
tracker.ads-tinyorbit.com,desconocido,0,0,0,0,2,1
tracker.ssp.balance-x.com,desconocido,0,0,0,0,4,1
tracookiepixel.xyz,desconocido,0,0,0,0,2,1
trc.taboola.com,publicidad,0,0,0,0,2,1
triplelift-match.dotomi.com,publicidad,0,0,0,0,2,1
u-ams.4dex.io,desconocido,0,0,0,0,2,1
u-iad04.e-planning.net,publicidad,0,0,0,0,2,1
u-las.4dex.io,desconocido,0,0,0,0,2,1
u.4dex.io,desconocido,0,0,0,0,2,1
u.openx.net,publicidad,3,0,1,0,4,1
uipglob.semasio.net,publicidad,0,0,0,0,4,1
um.simpli.fi,publicidad,0,0,0,0,2,1
ums.acuityplatform.com,publicidad,0,0,0,0,2,1
ups.analytics.yahoo.com,rastreador,5,0,1,0,4,1
us-central1-adsmovil-data-providers.cloudfunctions.net,desconocido,3,0,1,0,2,1
us-east-1-cs-rtb.openwebmp.com,desconocido,0,0,0,0,2,1
us-east-sync.richaudience.com,publicidad,3,0,1,0,4,1
us-u.openx.net,publicidad,3,0,1,0,2,1
us4.shb-sync.com,desconocido,3,0,1,0,2,1
usage-ping.brave.com,desconocido,2,0,0,1,0,0
user-sync.fwmrm.net,desconocido,3,0,1,0,2,1
usermatch.krxd.net,rastreador,5,0,1,0,4,1
usersync.gumgum.com,desconocido,3,0,1,0,2,1
usr.undertone.com,publicidad,0,0,0,0,4,1
usw1-sync.a-mo.net,desconocido,2,0,1,0,2,1
usync.4dex.io,desconocido,0,0,0,0,4,1
usync.ingage.tech,desconocido,0,0,0,0,2,1
ut.pubmatic.com,desconocido,2,0,1,0,2,1
variations.brave.com,desconocido,2,0,0,1,0,0
visitor-ow.omnitagjs.com,desconocido,0,0,0,0,2,1
visitor-programmaticx.omnitagjs.com,desconocido,0,0,0,0,5,1
visitor-px.omnitagjs.com,desconocido,0,0,0,0,5,1
visitor.omnitagjs.com,desconocido,3,0,1,0,2,1
vop.sundaysky.com,desconocido,0,0,0,0,2,1
web-banner.ads.aps.amazon-adsystem.com,publicidad,3,1,1,0,2,1
wt.rqtrk.eu,publicidad,3,0,1,0,2,1
www.elheraldo.co,desconocido,2,0,1,0,2,1
www.eltiempo.com,desconocido,2,0,1,0,2,1
www.facebook.com,desconocido,5,0,1,0,4,1
www.google-analytics.com,publicidad,3,0,1,0,6,1
www.google.com,desconocido,7,1,1,0,18,1
www.google.com.co,desconocido,3,1,1,0,10,1
www.googleadservices.com,publicidad,3,0,1,0,4,1
www.googletagmanager.com,rastreador,3,0,1,0,6,1
www.gstatic.com,desconocido,3,0,1,0,8,1
www.mercadolibre.com.co,desconocido,2,0,1,0,2,1
www.npttech.com,publicidad,3,0,1,0,2,1
www.queryly.com,desconocido,3,0,1,0,2,1
www.temu.com,desconocido,5,0,1,0,4,1
www.youtube.com,desconocido,7,1,1,0,10,1
x.bidswitch.net,rastreador,5,0,1,0,4,1
youtube.com,desconocido,2,0,1,0,2,1
zd.rqtrk.eu,publicidad,0,0,0,0,2,1
