nombre,categoria,propio_de_fabricante,consultas_eltiempo,pedido_por_paginas_eltiempo,bloqueado_por_eltiempo,consultas_portafolio,pedido_por_paginas_portafolio,bloqueado_por_portafolio,consultas_elcolombiano,pedido_por_paginas_elcolombiano,bloqueado_por_elcolombiano,consultas_elespectador,pedido_por_paginas_elespectador,bloqueado_por_elespectador,consultas_elheraldo,pedido_por_paginas_elheraldo,bloqueado_por_elheraldo,consultas_semana,pedido_por_paginas_semana,bloqueado_por_semana
1990db2fdd27363699b4a20052017bbb.safeframe.googlesyndication.com,publicidad,0,0,0,0,8,1,0,0,0,0,0,0,0,0,0,0,0,0,0
5bcfb420d46a61caa89bba46891a10ec.safeframe.googlesyndication.com,publicidad,0,0,0,0,0,0,0,0,0,0,5,1,0,0,0,0,0,0,0
5d0bb38d-5d11-422f-9df7-9b1c3bded5d7.edge.permutive.app,rastreador,0,2,1,0,2,1,0,0,0,0,0,0,0,0,0,0,0,0,0
5d0bb38d-5d11-422f-9df7-9b1c3bded5d7.prmutv.co,desconocido,0,2,1,0,2,1,0,0,0,0,0,0,0,0,0,0,0,0,0
7ab634a6f99cb05e673838677f18b637.safeframe.googlesyndication.com,publicidad,0,2,1,0,0,0,0,0,0,0,0,0,0,0,0,0,0,0,0
8f7630de83e906ede7f52efc51e0cf7c.safeframe.googlesyndication.com,publicidad,0,0,0,0,0,0,0,4,1,0,0,0,0,0,0,0,0,0,0
a.amxrtb.com,desconocido,0,2,1,0,2,1,0,0,0,0,0,0,0,0,0,0,0,0,0
a.c.appier.net,desconocido,0,0,0,0,0,0,0,0,0,0,0,0,0,2,1,0,0,0,0
a.sportradarserving.com,desconocido,0,0,0,0,2,1,0,0,0,0,0,0,0,0,0,0,0,0,0
a.teads.tv,publicidad,0,2,1,0,4,1,0,2,1,0,0,0,0,0,0,0,0,0,0
a.tribalfusion.com,publicidad,0,2,1,0,2,1,0,0,0,0,2,1,0,2,1,0,0,0,0
aa.agkn.com,rastreador,0,2,1,0,2,1,0,0,0,0,2,1,0,0,0,0,0,0,0
aax-eu.amazon-adsystem.com,publicidad,0,2,1,0,2,1,0,4,1,0,2,1,0,0,0,0,0,0,0
aax.amazon-adsystem.com,publicidad,0,0,0,0,2,1,0,0,0,0,0,0,0,0,0,0,0,0,0
accounts.google.com,desconocido,0,4,1,0,2,0,0,2,0,0,4,0,0,2,0,0,2,0,0
acdn.adnxs.com,publicidad,0,0,0,0,0,0,0,2,1,0,0,0,0,0,0,0,0,0,0
ad.360yield.com,publicidad,0,2,1,0,2,1,0,0,0,0,0,0,0,0,0,0,0,0,0
ad.doubleclick.net,publicidad,0,2,1,0,2,1,0,2,1,0,2,1,0,2,1,0,0,0,0
ad.impactify.media,desconocido,0,2,1,0,4,1,0,0,0,0,0,0,0,0,0,0,0,0,0
ad.turn.com,publicidad,0,2,1,0,4,1,0,2,1,0,2,1,0,0,0,0,0,0,0
ade.googlesyndication.com,rastreador,0,0,0,0,2,1,0,0,0,0,0,0,0,0,0,0,0,0,0
ads.avads.net,rastreador,0,2,1,0,2,1,0,0,0,0,0,0,0,0,0,0,0,0,0
ads.betweendigital.com,desconocido,0,0,0,0,2,1,0,0,0,0,0,0,0,0,0,0,0,0,0
ads.creative-serving.com,publicidad,0,2,1,0,2,1,0,2,1,0,0,0,0,0,0,0,0,0,0
ads.eltiempo.co,desconocido,0,2,1,0,2,1,0,0,0,0,0,0,0,0,0,0,0,0,0
ads.pubmatic.com,publicidad,0,4,1,0,7,1,0,2,1,0,4,1,0,0,0,0,0,0,0
ads.servenobid.com,desconocido,0,2,1,0,2,1,0,0,0,0,0,0,0,0,0,0,0,0,0
ads.travelaudience.com,publicidad,0,0,0,0,0,0,0,0,0,0,0,0,0,2,1,0,0,0,0
ads.viralize.tv,desconocido,0,0,0,0,0,0,0,2,1,0,0,0,0,0,0,0,0,0,0
ads.yieldmo.com,publicidad,0,2,1,0,2,1,0,2,1,0,2,1,0,2,1,0,0,0,0
ads120.adtelligent.com,desconocido,0,0,0,0,2,1,0,0,0,0,0,0,0,0,0,0,0,0,0
ads243.adtelligent.com,desconocido,0,2,1,0,0,0,0,0,0,0,0,0,0,0,0,0,0,0,0
adserv.mobi,desconocido,0,2,1,0,2,1,0,0,0,0,0,0,0,0,0,0,0,0,0
adv.eltiempo.digital,desconocido,0,2,1,0,0,0,0,0,0,0,0,0,0,0,0,0,0,0,0
adx.g.doubleclick.net,publicidad,0,0,0,0,2,1,0,0,0,0,0,0,0,0,0,0,0,0,0
ajax.googleapis.com,desconocido,0,0,0,0,2,1,0,0,0,0,0,0,0,0,0,0,0,0,0
an.gr-wcon.com,desconocido,0,0,0,0,0,0,0,2,1,0,0,0,0,0,0,0,0,0,0
analytics-ipv6.tiktokw.us,rastreador,0,0,0,0,0,0,0,0,0,0,2,1,0,0,0,0,0,0,0
analytics.ahrefs.com,desconocido,0,0,0,0,0,0,0,0,0,0,0,0,0,2,1,0,0,0,0
analytics.google.com,publicidad,0,2,1,0,2,1,0,2,1,0,2,1,0,2,1,0,0,0,0
analytics.pangle-ads.com,rastreador,0,0,0,0,0,0,0,0,0,0,0,0,0,2,1,0,0,0,0
analytics.tiktok.com,rastreador,0,0,0,0,0,0,0,0,0,0,2,1,0,0,0,0,0,0,0
analytics.twitter.com,desconocido,0,2,1,0,0,0,0,0,0,0,2,1,0,0,0,0,0,0,0
aorta.clickagy.com,desconocido,0,2,1,0,2,1,0,2,1,0,0,0,0,0,0,0,0,0,0
ap.lijit.com,publicidad,0,2,1,0,2,1,0,2,1,0,2,1,0,0,0,0,0,0,0
api-esp.piano.io,publicidad,0,0,0,0,0,0,0,0,0,0,0,0,0,2,1,0,0,0,0
api-ssp.spot.im,desconocido,0,2,1,0,2,1,0,0,0,0,0,0,0,0,0,0,0,0,0
api.cxense.com,rastreador,0,0,0,0,0,0,0,0,0,0,2,1,0,0,0,0,0,0,0
api.id5-sync.com,publicidad,0,2,1,0,2,1,0,0,0,0,0,0,0,0,0,0,0,0,0
api.onesignal.com,desconocido,0,0,0,0,2,1,0,0,0,0,0,0,0,0,0,0,0,0,0
api.permutive.com,publicidad,0,2,1,0,2,1,0,0,0,0,0,0,0,0,0,0,0,0,0
api.retargetly.com,desconocido,0,0,0,0,0,0,0,0,0,0,4,1,0,0,0,0,0,0,0
app.retargetly.com,desconocido,0,0,0,0,0,0,0,0,0,0,5,1,0,0,0,0,0,0,0
applets.ebxcdn.com,rastreador,0,2,1,0,0,0,0,0,0,0,0,0,0,0,0,0,0,0,0
apps.smartadserver.com,publicidad,0,2,1,0,2,1,0,0,0,0,0,0,0,0,0,0,0,0,0
aryuder.api.useinsider.com,desconocido,0,0,0,0,0,0,0,0,0,0,5,1,0,0,0,0,0,0,0
assets.api.useinsider.com,desconocido,0,0,0,0,0,0,0,0,0,0,5,1,0,0,0,0,0,0,0
b.delivery.consentmanager.net,desconocido,0,0,0,0,0,0,0,0,0,0,0,0,0,0,0,0,2,1,0
b1sync.outbrain.com,publicidad,0,2,1,0,2,1,0,2,1,0,2,1,0,0,0,0,0,0,0
b1sync.zemanta.com,publicidad,0,2,1,0,2,1,0,0,0,0,0,0,0,0,0,0,0,0,0
bb.lijit.com,publicidad,0,0,0,0,0,0,0,0,0,0,0,0,0,2,1,0,0,0,0
bcp.crwdcntrl.net,rastreador,0,2,1,0,2,1,0,2,1,0,2,1,0,2,1,0,0,0,0
beacon.lynx.cognitivlabs.com,desconocido,0,2,1,0,2,1,0,0,0,0,2,1,0,2,1,0,0,0,0
bh.contextweb.com,publicidad,0,2,1,0,2,1,0,2,1,0,0,0,0,0,0,0,0,0,0
browser.sentry-cdn.com,desconocido,0,0,0,0,0,0,0,2,1,0,0,0,0,0,0,0,0,0,0
bttrack.com,publicidad,0,2,1,0,2,1,0,0,0,0,0,0,0,0,0,0,0,0,0
buy.piano.io,publicidad,0,0,0,0,0,0,0,0,0,0,4,1,0,0,0,0,0,0,0
buy.tinypass.com,desconocido,0,2,1,0,0,0,0,0,0,0,0,0,0,0,0,0,0,0,0
c.amazon-adsystem.com,publicidad,0,2,1,0,2,1,0,2,1,0,0,0,0,0,0,0,0,0,0
c.bing.com,desconocido,0,0,0,0,0,0,0,2,1,0,2,1,0,0,0,0,0,0,0
c.clarity.ms,rastreador,0,0,0,0,0,0,0,2,1,0,2,1,0,0,0,0,0,0,0
c.go-mpulse.net,rastreador,0,0,0,0,0,0,0,0,0,0,0,0,0,2,1,0,2,1,0
c.mgid.com,rastreador,0,0,0,0,0,0,0,0,0,0,2,1,0,0,0,0,0,0,0
c.platform-media.net,desconocido,0,0,0,0,0,0,0,2,1,0,0,0,0,0,0,0,0,0,0
c1.adform.net,publicidad,0,4,1,0,4,1,0,2,1,0,4,1,0,0,0,0,0,0,0
c2.piano.io,publicidad,0,2,1,0,0,0,0,0,0,0,2,1,0,0,0,0,0,0,0
capi.connatix.com,rastreador,0,2,1,0,2,1,0,0,0,0,0,0,0,0,0,0,0,0,0
cdn.ampproject.org,desconocido,0,0,0,0,2,1,0,2,1,0,0,0,0,0,0,0,0,0,0
cdn.consentmanager.net,desconocido,0,0,0,0,0,0,0,0,0,0,0,0,0,0,0,0,4,1,0
cdn.cxense.com,rastreador,0,2,1,0,0,0,0,0,0,0,4,1,0,0,0,0,0,0,0
cdn.hadronid.net,desconocido,0,0,0,0,0,0,0,2,1,0,0,0,0,0,0,0,0,0,0
cdn.id5-sync.com,publicidad,0,2,1,0,2,1,0,2,1,0,2,1,0,2,1,0,0,0,0
cdn.iterwebcms.com,desconocido,0,0,0,0,0,0,0,2,1,0,0,0,0,0,0,0,0,0,0
cdn.js.customerlabs.co,desconocido,0,0,0,0,0,0,0,2,1,0,0,0,0,0,0,0,0,0,0
cdn.jsdelivr.net,desconocido,0,0,0,0,0,0,0,2,1,0,4,1,0,2,1,0,0,0,0
cdn.mgaru.dev,desconocido,0,2,1,0,2,1,0,2,1,0,0,0,0,0,0,0,0,0,0
cdn.mgid.com,publicidad,0,0,0,0,0,0,0,0,0,0,2,1,0,0,0,0,0,0,0
cdn.mindbehind.com,desconocido,0,0,0,0,0,0,0,0,0,0,5,1,0,0,0,0,0,0,0
cdn.navdmp.com,desconocido,0,0,0,0,0,0,0,2,1,0,0,0,0,0,0,0,0,0,0
cdn.onesignal.com,publicidad,0,0,0,0,2,1,0,0,0,0,0,0,0,0,0,0,4,1,0
cdn.parsely.com,publicidad,0,0,0,0,0,0,0,0,0,0,2,1,0,0,0,0,0,0,0
cdn.permutive.com,publicidad,0,2,1,0,2,1,0,0,0,0,0,0,0,0,0,0,0,0,0
cdn.piano.io,publicidad,0,0,0,0,0,0,0,0,0,0,2,1,0,0,0,0,0,0,0
cdn.taboola.com,publicidad,0,0,0,0,0,0,0,2,1,0,0,0,0,2,1,0,2,0,0
cdn.tinypass.com,desconocido,0,2,1,0,0,0,0,0,0,0,0,0,0,0,0,0,0,0,0
cdn.viads.net,desconocido,0,0,0,0,0,0,0,0,0,0,2,1,0,0,0,0,0,0,0
cdnjs.cloudflare.com,desconocido,0,2,1,0,0,0,0,2,1,0,4,1,0,0,0,0,0,0,0
cdp.navegg.com,publicidad,0,0,0,0,0,0,0,2,1,0,0,0,0,0,0,0,0,0,0
cds.taboola.com,publicidad,0,0,0,0,0,0,0,0,0,0,0,0,0,2,1,0,0,0,0
ce.lijit.com,publicidad,0,2,1,0,2,1,0,2,1,0,0,0,0,0,0,0,0,0,0
ced-ns.sascdn.com,desconocido,0,0,0,0,0,0,0,2,1,0,0,0,0,0,0,0,0,0,0
ced.sascdn.com,desconocido,0,2,1,0,2,1,0,0,0,0,0,0,0,0,0,0,0,0,0
client.aps.amazon-adsystem.com,publicidad,0,0,0,0,0,0,0,2,1,0,0,0,0,0,0,0,0,0,0
cloudfront-us-east-1.images.arcpublishing.com,desconocido,0,0,0,0,0,0,0,0,0,0,2,0,0,2,1,0,0,0,0
cm-mx.advolve.io,desconocido,0,2,1,0,2,1,0,0,0,0,0,0,0,2,1,0,0,0,0
cm.adform.net,publicidad,0,2,1,0,2,1,0,2,1,0,2,1,0,0,0,0,0,0,0
cm.adgrx.com,desconocido,0,2,1,0,2,1,0,0,0,0,2,1,0,0,0,0,0,0,0
cm.ctnsnet.com,desconocido,0,0,0,0,2,1,0,0,0,0,0,0,0,0,0,0,0,0,0
cm.g.doubleclick.net,publicidad,0,2,1,0,4,1,0,4,1,0,4,1,0,4,1,0,0,0,0
cm.idealmedia.io,desconocido,0,0,0,0,0,0,0,0,0,0,2,1,0,0,0,0,0,0,0
cm.mgid.com,publicidad,0,2,1,0,3,1,0,0,0,0,4,1,0,0,0,0,0,0,0
cms-xch-chicago.33across.com,publicidad,0,2,1,0,2,1,0,0,0,0,0,0,0,0,0,0,0,0,0
cms.analytics.yahoo.com,rastreador,0,0,0,0,2,1,0,2,1,0,0,0,0,0,0,0,0,0,0
cms.quantserve.com,publicidad,0,2,1,0,2,1,0,2,1,0,2,1,0,0,0,0,0,0,0
code.jquery.com,desconocido,0,0,0,0,0,0,0,2,1,0,2,0,0,2,1,0,0,0,0
comcluster.cxense.com,rastreador,0,2,1,0,0,0,0,0,0,0,2,1,0,0,0,0,0,0,0
config.aps.amazon-adsystem.com,publicidad,0,2,1,0,2,1,0,2,1,0,0,0,0,0,0,0,0,0,0
connect.facebook.net,desconocido,0,2,1,0,2,1,0,2,1,0,2,1,0,0,0,0,0,0,0
connectid.analytics.yahoo.com,rastreador,0,2,1,0,8,1,0,2,1,0,2,1,0,2,1,0,0,0,0
content.viralize.tv,desconocido,0,0,0,0,0,0,0,2,1,0,0,0,0,0,0,0,0,0,0
cookie-sync.adsmovil.com,desconocido,0,2,1,0,2,1,0,0,0,0,0,0,0,0,0,0,0,0,0
cookies.nextmillmedia.com,desconocido,0,0,0,0,2,1,0,0,0,0,0,0,0,0,0,0,0,0,0
core.iprom.net,desconocido,0,2,1,0,2,1,0,0,0,0,0,0,0,0,0,0,0,0,0
cpm.chocolateplatform.com,desconocido,0,2,1,0,2,1,0,0,0,0,0,0,0,0,0,0,0,0,0
cpm.vistarsagency.com,desconocido,0,2,1,0,2,1,0,0,0,0,0,0,0,0,0,0,0,0,0
creativecdn.com,desconocido,0,2,1,0,2,1,0,0,0,0,4,1,0,0,0,0,0,0,0
cs-ob.yellowblue.io,desconocido,0,0,0,0,2,1,0,0,0,0,0,0,0,0,0,0,0,0,0
cs-rtb.minutemedia-prebid.com,desconocido,0,2,1,0,2,1,0,0,0,0,0,0,0,0,0,0,0,0,0
cs-server-s2s.yellowblue.io,desconocido,0,2,1,0,2,1,0,0,0,0,0,0,0,0,0,0,0,0,0
cs.admanmedia.com,publicidad,0,2,1,0,4,1,0,2,1,0,2,1,0,0,0,0,0,0,0
cs.ingage.tech,desconocido,0,0,0,0,2,1,0,0,0,0,0,0,0,0,0,0,0,0,0
cs.krushmedia.com,desconocido,0,2,1,0,2,1,0,0,0,0,0,0,0,0,0,0,0,0,0
cs.lkqd.net,desconocido,0,0,0,0,9,1,0,0,0,0,0,0,0,0,0,0,0,0,0
cs.loudecho.ai,desconocido,0,2,1,0,2,1,0,0,0,0,0,0,0,0,0,0,0,0,0
cs.media.net,rastreador,0,2,1,0,2,1,0,2,1,0,0,0,0,2,1,0,0,0,0
cs.openwebmedia.org,desconocido,0,2,1,0,2,1,0,0,0,0,0,0,0,0,0,0,0,0,0
cs.openwebmp.com,desconocido,0,2,1,0,2,1,0,0,0,0,0,0,0,0,0,0,0,0,0
cs.pgammedia.com,desconocido,0,2,1,0,0,0,0,0,0,0,0,0,0,0,0,0,0,0,0
cs.seedtag.com,desconocido,0,0,0,0,2,1,0,0,0,0,0,0,0,0,0,0,0,0,0
cs2.mathilde-ads.com,rastreador,0,2,1,0,2,1,0,0,0,0,0,0,0,0,0,0,0,0,0
csi.gstatic.com,rastreador,0,0,0,0,0,0,0,2,1,0,0,0,0,2,1,0,0,0,0
csync-global.smartadserver.com,publicidad,0,2,1,0,2,1,0,2,1,0,0,0,0,0,0,0,0,0,0
csync-us.smartadserver.com,publicidad,0,2,1,0,2,1,0,2,1,0,0,0,0,0,0,0,0,0,0
csync.copper6.com,desconocido,0,2,1,0,2,1,0,0,0,0,0,0,0,0,0,0,0,0,0
csync.loopme.me,desconocido,0,2,1,0,2,1,0,0,0,0,2,1,0,2,1,0,0,0,0
csync.smilewanted.com,publicidad,0,2,1,0,2,1,0,0,0,0,0,0,0,0,0,0,0,0,0
d.adroll.com,publicidad,0,2,1,0,2,1,0,2,1,0,0,0,0,0,0,0,0,0,0
d5p.de17a.com,publicidad,0,2,1,0,4,1,0,0,0,0,0,0,0,0,0,0,0,0,0
data.adsrvr.org,publicidad,0,2,1,0,2,1,0,0,0,0,0,0,0,0,0,0,0,0,0
de.tynt.com,publicidad,0,2,1,0,2,1,0,0,0,0,0,0,0,0,0,0,0,0,0
diagnostics.id5-sync.com,publicidad,0,2,1,0,2,1,0,0,0,0,0,0,0,0,0,0,0,0,0
dis.criteo.com,publicidad,0,2,1,0,2,1,0,2,1,0,2,1,0,0,0,0,0,0,0
dmp.im-apps.net,desconocido,0,2,1,0,7,1,0,2,1,0,5,1,0,2,1,0,0,0,0
docs.elcolombiano.com,desconocido,1,0,0,0,0,0,0,2,1,0,0,0,0,0,0,0,0,0,0
dp1.33across.com,publicidad,0,2,1,0,2,1,0,0,0,0,0,0,0,0,0,0,0,0,0
dpm.demdex.net,rastreador,0,2,1,0,2,1,0,0,0,0,2,1,0,0,0,0,0,0,0
dsp-2.presage.io,desconocido,0,2,1,0,2,1,0,0,0,0,0,0,0,0,0,0,0,0,0
dsp-cookie.adfarm1.adition.com,publicidad,0,2,1,0,2,1,0,2,1,0,2,1,0,0,0,0,0,0,0
dsp-service.admatic.de,desconocido,0,2,1,0,0,0,0,0,0,0,0,0,0,0,0,0,0,0,0
dsp-service.adtarget.biz,desconocido,0,2,1,0,2,1,0,0,0,0,0,0,0,0,0,0,0,0,0
dsp-service.monetixads.com,desconocido,0,0,0,0,2,1,0,0,0,0,0,0,0,0,0,0,0,0,0
dsp.360yield.com,publicidad,0,2,1,0,2,1,0,0,0,0,2,1,0,0,0,0,0,0,0
dsp.adkernel.com,desconocido,0,2,1,0,2,1,0,0,0,0,2,1,0,2,1,0,0,0,0
dsp.nrich.ai,desconocido,0,0,0,0,2,1,0,0,0,0,0,0,0,0,0,0,0,0,0
dsum-sec.casalemedia.com,publicidad,0,2,1,0,2,1,0,2,1,0,0,0,0,0,0,0,0,0,0
dsum.casalemedia.com,publicidad,0,0,0,0,2,1,0,2,1,0,0,0,0,0,0,0,0,0,0
dv-c3e594c6d429469e90b54478358619c3.ecs.us-east-1.on.aws,desconocido,0,2,1,0,0,0,0,0,0,0,0,0,0,0,0,0,0,0,0
eb2.3lift.com,publicidad,0,4,1,0,2,1,0,4,1,0,2,1,0,0,0,0,0,0,0
eitri.api.useinsider.com,desconocido,0,0,0,0,0,0,0,0,0,0,4,1,0,0,0,0,0,0,0
elb.the-ozone-project.com,publicidad,0,2,1,0,2,1,0,0,0,0,0,0,0,0,0,0,0,0,0
elespectador.api.useinsider.com,desconocido,0,0,0,0,0,0,0,0,0,0,2,1,0,0,0,0,0,0,0
endpoint2.mathilde-ads.com,rastreador,0,2,1,0,5,1,0,0,0,0,0,0,0,0,0,0,0,0,0
ep1.adtrafficquality.google,desconocido,0,2,1,0,4,1,0,2,1,0,2,1,0,2,1,0,0,0,0
ep2.adtrafficquality.google,desconocido,0,4,1,0,4,1,0,4,1,0,4,1,0,4,1,0,0,0,0
equativ-match.dotomi.com,publicidad,0,2,1,0,2,1,0,2,1,0,0,0,0,0,0,0,0,0,0
estaticos.elcolombiano.com,desconocido,1,0,0,0,0,0,0,2,1,0,0,0,0,0,0,0,0,0,0
eu-u.openx.net,publicidad,0,2,1,0,2,1,0,0,0,0,0,0,0,0,0,0,0,0,0
eus.rubiconproject.com,publicidad,0,2,1,0,2,1,0,2,1,0,2,1,0,0,0,0,0,0,0
event.getblue.io,desconocido,0,4,1,0,0,0,0,0,0,0,0,0,0,0,0,0,0,0,0
events.newsroom.bi,rastreador,0,4,1,0,4,1,0,2,1,0,4,0,0,2,1,0,0,0,0
example.com,desconocido,0,0,0,0,2,1,0,0,0,0,0,0,0,0,0,0,0,0,0
excellence-prebid.sfo2.cdn.digitaloceanspaces.com,desconocido,0,0,0,0,0,0,0,2,1,0,0,0,0,0,0,0,0,0,0
exchange.appnerve.net,desconocido,0,2,1,0,2,1,0,0,0,0,0,0,0,0,0,0,0,0,0
experiences.mrf.io,desconocido,0,0,0,0,0,0,0,0,0,0,0,0,0,2,1,0,0,0,0
experiences.newsroom.bi,desconocido,0,2,1,0,2,1,0,2,1,0,0,0,0,2,1,0,0,0,0
falcon.useinsider.com,desconocido,0,0,0,0,0,0,0,0,0,0,5,1,0,0,0,0,0,0,0
fastlane.rubiconproject.com,publicidad,0,2,1,0,3,1,0,2,1,0,0,0,0,0,0,0,0,0,0
fe44df9cd17d828bef0091bfbf879a00.safeframe.googlesyndication.com,publicidad,0,0,0,0,0,0,0,0,0,0,0,0,0,2,1,0,0,0,0
fonts.cdnfonts.com,desconocido,0,0,0,0,0,0,0,2,1,0,0,0,0,0,0,0,0,0,0
fonts.googleapis.com,desconocido,0,0,0,0,2,1,0,4,1,0,9,1,0,2,1,0,0,0,0
fonts.gstatic.com,desconocido,0,0,0,0,2,1,0,4,1,0,4,1,0,2,1,0,0,0,0
freewheel-match.dotomi.com,publicidad,0,2,1,0,0,0,0,0,0,0,0,0,0,0,0,0,0,0,0
fundingchoicesmessages.google.com,desconocido,0,0,0,0,2,1,0,2,1,0,2,1,0,2,1,0,0,0,0
ga2.getresponse.com,desconocido,0,0,0,0,0,0,0,2,1,0,0,0,0,0,0,0,0,0,0
ghent-gce-or.bidswitch.net,rastreador,0,0,0,0,2,1,0,0,0,0,0,0,0,0,0,0,0,0,0
go.mediagotechnology.com,desconocido,0,2,1,0,2,1,0,0,0,0,0,0,0,0,0,0,0,0,0
gocm.c.appier.net,desconocido,0,2,1,0,2,1,0,0,0,0,0,0,0,0,0,0,0,0,0
google-bidout-d.openx.net,publicidad,0,2,1,0,0,0,0,0,0,0,0,0,0,0,0,0,0,0,0
google.partners.tremorhub.com,publicidad,0,0,0,0,0,0,0,0,0,0,0,0,0,2,1,0,0,0,0
googleads.g.doubleclick.net,publicidad,0,2,1,0,4,1,0,4,1,0,4,1,0,2,1,0,0,0,0
googleads4.g.doubleclick.net,publicidad,0,0,0,0,2,1,0,0,0,0,0,0,0,0,0,0,0,0,0
gotham.prd-00.retargetly.com,desconocido,0,0,0,0,0,0,0,0,0,0,5,1,0,0,0,0,0,0,0
grid-bidder.criteo.com,publicidad,0,2,1,0,5,1,0,0,0,0,0,0,0,0,0,0,0,0,0
gum.criteo.com,publicidad,0,2,1,0,2,1,0,4,1,0,2,1,0,4,1,0,0,0,0
gumgum-match.dotomi.com,publicidad,0,2,1,0,2,1,0,0,0,0,0,0,0,0,0,0,0,0,0
gw-iad-bid.ymmobi.com,desconocido,0,2,1,0,2,1,0,0,0,0,0,0,0,0,0,0,0,0,0
hb.20m.es,desconocido,0,2,1,0,2,1,0,0,0,0,0,0,0,0,0,0,0,0,0
hb.trustedstack.com,desconocido,0,2,1,0,2,1,0,2,1,0,0,0,0,0,0,0,0,0,0
hbopenbid.pubmatic.com,publicidad,0,0,0,0,0,0,0,2,1,0,0,0,0,0,0,0,0,0,0
hbx.media.net,publicidad,0,2,1,0,2,1,0,0,0,0,0,0,0,0,0,0,0,0,0
hde.tynt.com,publicidad,0,2,1,0,2,1,0,0,0,0,0,0,0,0,0,0,0,0,0
hit.api.useinsider.com,desconocido,0,0,0,0,0,0,0,0,0,0,2,1,0,0,0,0,0,0,0
htlb.casalemedia.com,publicidad,0,0,0,0,0,0,0,2,1,0,0,0,0,0,0,0,0,0,0
i.ctnsnet.com,desconocido,0,2,1,0,2,1,0,0,0,0,0,0,0,0,0,0,0,0,0
i.liadm.com,publicidad,0,2,1,0,2,1,0,0,0,0,2,1,0,0,0,0,0,0,0
i.w55c.net,publicidad,0,2,1,0,2,1,0,0,0,0,0,0,0,0,0,0,0,0,0
i.ytimg.com,desconocido,0,0,0,0,0,0,0,2,1,0,2,1,0,0,0,0,0,0,0
ib.adnxs.com,publicidad,0,4,1,0,4,1,0,4,1,0,4,1,0,2,1,0,0,0,0
ice.360yield.com,publicidad,0,2,1,0,2,1,0,0,0,0,2,1,0,0,0,0,0,0,0
icu.newsroom.bi,desconocido,0,0,0,0,0,0,0,2,1,0,0,0,0,2,1,0,0,0,0
id.a-mx.com,rastreador,0,2,1,0,2,1,0,2,1,0,2,1,0,0,0,0,0,0,0
id.cxense.com,rastreador,0,2,1,0,0,0,0,0,0,0,2,1,0,0,0,0,0,0,0
id.rlcdn.com,publicidad,0,2,1,0,2,1,0,2,1,0,2,1,0,0,0,0,0,0,0
id.rtb.mx,desconocido,0,2,1,0,2,1,0,0,0,0,0,0,0,0,0,0,0,0,0
id.tinypass.com,desconocido,0,0,0,0,0,0,0,0,0,0,4,1,0,0,0,0,0,0,0
id5-sync.com,publicidad,0,4,1,0,4,1,0,2,1,0,3,1,0,2,1,0,0,0,0
ident.mygaru.com,desconocido,0,2,1,0,2,1,0,2,1,0,0,0,0,0,0,0,0,0,0
idpix.media6degrees.com,publicidad,0,2,1,0,2,1,0,0,0,0,0,0,0,0,0,0,0,0,0
idsync.rlcdn.com,publicidad,0,2,1,0,2,1,0,0,0,0,2,1,0,0,0,0,0,0,0
image2.pubmatic.com,publicidad,0,2,1,0,2,1,0,4,1,0,4,1,0,0,0,0,0,0,0
image4.pubmatic.com,publicidad,0,2,1,0,2,1,0,0,0,0,2,1,0,0,0,0,0,0,0
image6.pubmatic.com,publicidad,0,2,1,0,4,1,0,2,1,0,2,1,0,0,0,0,0,0,0
image8.pubmatic.com,desconocido,0,2,1,0,2,1,0,4,1,0,4,1,0,0,0,0,0,0,0
imagenes.portafolio.co,desconocido,1,0,0,0,2,1,0,0,0,0,0,0,0,0,0,0,0,0,0
imagenes2.eltiempo.com,desconocido,1,6,1,0,0,0,0,0,0,0,0,0,0,0,0,0,0,0,0
images.taboola.com,publicidad,0,0,0,0,0,0,0,0,0,0,0,0,0,2,1,0,0,0,0
imasdk.googleapis.com,desconocido,0,2,1,0,2,1,0,4,1,0,0,0,0,0,0,0,2,0,0
img.os-content.com,desconocido,0,0,0,0,0,0,0,0,0,0,0,0,0,0,0,0,2,1,0
invstatic101.creativecdn.com,desconocido,0,2,1,0,7,1,0,2,1,0,3,1,0,2,1,0,0,0,0
io.v2.customerlabs.co,desconocido,0,0,0,0,0,0,0,2,1,0,0,0,0,0,0,0,0,0,0
ipac.ctnsnet.com,desconocido,0,2,1,0,2,1,0,0,0,0,2,1,0,0,0,0,0,0,0
ittpx.eskimi.com,desconocido,0,2,1,0,2,1,0,0,0,0,0,0,0,0,0,0,0,0,0
jadserve.postrelease.com,publicidad,0,2,1,0,2,1,0,0,0,0,0,0,0,0,0,0,0,0,0
jelly.mdhv.io,rastreador,0,2,1,0,2,1,0,0,0,0,0,0,0,0,0,0,0,0,0
jnn-pa.googleapis.com,desconocido,0,0,0,0,0,0,0,2,1,0,2,1,0,0,0,0,0,0,0
js.hs-analytics.net,rastreador,0,0,0,0,0,0,0,2,1,0,0,0,0,0,0,0,0,0,0
js.hs-banner.com,publicidad,0,0,0,0,0,0,0,2,1,0,0,0,0,0,0,0,0,0,0
js.hs-scripts.com,desconocido,0,0,0,0,0,0,0,2,1,0,0,0,0,0,0,0,0,0,0
js.stripe.com,desconocido,0,0,0,0,0,0,0,0,0,0,0,0,0,4,1,0,0,0,0
jsc.mgid.com,publicidad,0,0,0,0,0,0,0,0,0,0,2,1,0,0,0,0,0,0,0
jwe.gr-wcon360.pl,desconocido,0,0,0,0,0,0,0,2,1,0,0,0,0,0,0,0,0,0,0
k.clarity.ms,rastreador,0,0,0,0,0,0,0,0,0,0,2,1,0,0,0,0,0,0,0
la-trc-events.taboola.com,publicidad,0,0,0,0,0,0,0,0,0,0,0,0,0,2,1,0,0,0,0
lb.eu-1-id5-sync.com,rastreador,0,2,1,0,2,1,0,2,1,0,2,1,0,0,0,0,0,0,0
lbs.eu-1-id5-sync.com,rastreador,0,2,1,0,2,1,0,2,1,0,2,1,0,0,0,0,0,0,0
live.primis.tech,desconocido,0,0,0,0,2,1,0,2,1,0,2,1,0,0,0,0,0,0,0
locationv2.api.useinsider.com,desconocido,0,0,0,0,0,0,0,0,0,0,4,1,0,0,0,0,0,0,0
login.dotomi.com,publicidad,0,0,0,0,0,0,0,0,0,0,4,1,0,0,0,0,0,0,0
logs.hhkld.com,desconocido,0,0,0,0,0,0,0,0,0,0,2,1,0,0,0,0,0,0,0
m.stripe.com,desconocido,0,0,0,0,0,0,0,0,0,0,0,0,0,2,1,0,0,0,0
m.stripe.network,desconocido,0,0,0,0,0,0,0,0,0,0,0,0,0,2,1,0,0,0,0
mailing.elcolombiano.com,desconocido,1,0,0,0,0,0,0,2,1,0,0,0,0,0,0,0,0,0,0
marfeelexperimentsexperienceengine.mrf.io,desconocido,0,2,1,0,0,0,0,2,1,0,0,0,0,2,1,0,0,0,0
mas.protecmedia.com,desconocido,0,0,0,0,0,0,0,2,1,0,0,0,0,0,0,0,0,0,0
match.360yield.com,publicidad,0,0,0,0,0,0,0,0,0,0,2,1,0,0,0,0,0,0,0
match.adsby.bidtheatre.com,publicidad,0,2,1,0,4,1,0,0,0,0,0,0,0,0,0,0,0,0,0
match.adsrvr.org,publicidad,0,4,1,0,4,1,0,4,1,0,4,1,0,0,0,0,0,0,0
match.deepintent.com,publicidad,0,2,1,0,2,1,0,0,0,0,2,1,0,0,0,0,0,0,0
match.prod.bidr.io,publicidad,0,4,1,0,4,1,0,2,1,0,2,1,0,2,1,0,0,0,0
match.sharethrough.com,publicidad,0,2,1,0,2,1,0,4,1,0,2,1,0,0,0,0,0,0,0
measureadv.com,rastreador,0,2,1,0,2,1,0,0,0,0,0,0,0,0,0,0,0,0,0
monetize-static.viralize.tv,desconocido,0,0,0,0,0,0,0,2,1,0,0,0,0,0,0,0,0,0,0
monetize-stream.viralize.tv,desconocido,0,0,0,0,0,0,0,2,1,0,0,0,0,0,0,0,0,0,0
movilidad.ceet.co,desconocido,0,2,1,0,0,0,0,0,0,0,0,0,0,0,0,0,0,0,0
mpc-prod-24-s6uit34pua-uw.a.run.app,desconocido,0,0,0,0,2,1,0,0,0,0,0,0,0,0,0,0,0,0,0
mpc-prod-28-1053047382554.us-central1.run.app,desconocido,0,2,1,0,0,0,0,0,0,0,0,0,0,0,0,0,0,0,0
mpc2-prod-25-is5qnl632q-wl.a.run.app,desconocido,0,0,0,0,0,0,0,2,1,0,0,0,0,0,0,0,0,0,0
ms-cookie-sync.presage.io,desconocido,0,2,1,0,2,1,0,0,0,0,0,0,0,2,1,0,0,0,0
news.google.com,desconocido,0,0,0,0,0,0,0,0,0,0,2,1,0,4,1,0,0,0,0
oa.openxcdn.net,desconocido,0,2,1,0,2,1,0,2,1,0,4,1,0,2,1,0,0,0,0
ogury-match.dotomi.com,publicidad,0,2,1,0,2,1,0,0,0,0,0,0,0,0,0,0,0,0,0
onesignal.com,desconocido,0,0,0,0,2,1,0,0,0,0,0,0,0,0,0,0,4,1,0
onetag-sys.com,desconocido,0,2,1,0,2,1,0,4,1,0,2,1,0,2,1,0,0,0,0
openx2-match.dotomi.com,publicidad,0,2,1,0,2,1,0,0,0,0,0,0,0,0,0,0,0,0,0
ortb.vdo.ai,desconocido,0,0,0,0,2,1,0,0,0,0,0,0,0,0,0,0,0,0,0
ov-1d104299d2a447049cdc73700c9309f7.ecs.us-west-2.on.aws,desconocido,0,0,0,0,0,0,0,0,0,0,2,1,0,0,0,0,0,0,0
ow.pubmatic.com,publicidad,0,2,1,0,2,1,0,0,0,0,0,0,0,0,0,0,0,0,0
oxp.mxptint.net,publicidad,0,2,1,0,2,1,0,0,0,0,0,0,0,0,0,0,0,0,0
p.rfihub.com,desconocido,0,2,1,0,2,1,0,0,0,0,2,1,0,0,0,0,0,0,0
p.typekit.net,rastreador,0,0,0,0,0,0,0,0,0,0,2,1,0,0,0,0,2,1,0
p1.parsely.com,publicidad,0,0,0,0,0,0,0,0,0,0,2,1,0,0,0,0,0,0,0
pagead2.googlesyndication.com,publicidad,0,4,1,0,4,1,0,4,1,0,6,1,0,4,1,0,2,1,0
pbjs.e-planning.net,publicidad,0,0,0,0,0,0,0,2,1,0,0,0,0,0,0,0,0,0,0
pbs-cs.yellowblue.io,desconocido,0,2,1,0,2,1,0,0,0,0,0,0,0,0,0,0,0,0,0
pbs.yahoo.com,desconocido,0,2,1,0,2,1,0,0,0,0,0,0,0,0,0,0,0,0,0
pbsj.bricks-co.com,desconocido,0,2,1,0,2,1,0,0,0,0,0,0,0,0,0,0,0,0,0
pippio.com,rastreador,0,2,1,0,2,1,0,2,1,0,2,1,0,0,0,0,0,0,0
pixel-apac.rubiconproject.com,publicidad,0,0,0,0,0,0,0,0,0,0,2,1,0,0,0,0,0,0,0
pixel-eu.rubiconproject.com,publicidad,0,2,1,0,2,1,0,0,0,0,0,0,0,0,0,0,0,0,0
pixel-sync.sitescout.com,desconocido,0,2,1,0,2,1,0,4,1,0,2,1,0,0,0,0,0,0,0
pixel-us-east.rubiconproject.com,publicidad,0,2,1,0,2,1,0,0,0,0,0,0,0,0,0,0,0,0,0
pixel-us-west.rubiconproject.com,publicidad,0,2,1,0,2,1,0,2,1,0,2,1,0,0,0,0,0,0,0
pixel.33across.com,publicidad,0,2,1,0,2,1,0,0,0,0,0,0,0,0,0,0,0,0,0
pixel.mathtag.com,publicidad,0,0,0,0,0,0,0,2,1,0,0,0,0,0,0,0,0,0,0
pixel.onaudience.com,publicidad,0,2,1,0,2,1,0,0,0,0,2,1,0,0,0,0,0,0,0
pixel.rubiconproject.com,publicidad,0,2,1,0,2,1,0,4,1,0,2,1,0,2,1,0,0,0,0
pixel.tapad.com,publicidad,0,2,1,0,2,1,0,4,1,0,2,1,0,0,0,0,0,0,0
pixel.wp.com,rastreador,0,0,0,0,0,0,0,0,0,0,2,1,0,0,0,0,0,0,0
pixelfnt-us.dsp-api.moloco.com,desconocido,0,0,0,0,0,0,0,0,0,0,0,0,0,2,1,0,0,0,0
play.google.com,desconocido,0,0,0,0,0,0,0,0,0,0,0,0,0,2,1,0,0,0,0
player.viads.com,desconocido,0,0,0,0,0,0,0,0,0,0,2,1,0,0,0,0,0,0,0
pm-widget.taboola.com,publicidad,0,0,0,0,0,0,0,2,1,0,0,0,0,2,1,0,2,0,0
pm.w55c.net,publicidad,0,2,1,0,2,1,0,0,0,0,0,0,0,0,0,0,0,0,0
pmp.mxptint.net,publicidad,0,2,1,0,2,1,0,0,0,0,2,1,0,0,0,0,0,0,0
pool.liftdsp.com,desconocido,0,2,1,0,0,0,0,0,0,0,0,0,0,0,0,0,0,0,0
pr-bh.ybp.yahoo.com,rastreador,0,2,1,0,0,0,0,0,0,0,0,0,0,0,0,0,0,0,0
prebid-match.dotomi.com,publicidad,0,2,1,0,2,1,0,0,0,0,0,0,0,0,0,0,0,0,0
prebid-server.rubiconproject.com,publicidad,0,0,0,0,0,0,0,2,1,0,0,0,0,0,0,0,0,0,0
prebid.a-mo.net,desconocido,0,2,1,0,2,1,0,2,1,0,2,1,0,0,0,0,0,0,0
prebid.admatic.de,desconocido,0,2,1,0,0,0,0,0,0,0,0,0,0,0,0,0,0,0,0
prebid.adtarget.biz,desconocido,0,2,1,0,2,1,0,0,0,0,0,0,0,0,0,0,0,0,0
prebid.monetixads.com,desconocido,0,0,0,0,2,1,0,0,0,0,0,0,0,0,0,0,0,0,0
prebidsrvr.cootlogix.com,publicidad,0,2,1,0,2,1,0,0,0,0,0,0,0,0,0,0,0,0,0
preenrolamiento.mathilde-ads.com,rastreador,0,2,1,0,0,0,0,0,0,0,0,0,0,0,0,0,0,0,0
prg.smartadserver.com,publicidad,0,0,0,0,0,0,0,3,1,0,0,0,0,0,0,0,0,0,0
prism-tracking.pacvue.com,desconocido,0,2,1,0,2,1,0,0,0,0,0,0,0,0,0,0,0,0,0
ps.eyeota.net,publicidad,0,0,0,0,0,0,0,0,0,0,2,1,0,0,0,0,0,0,0
pubads.g.doubleclick.net,publicidad,0,0,0,0,0,0,0,2,1,0,0,0,0,0,0,0,0,0,0
public.servenobid.com,desconocido,0,2,1,0,2,1,0,0,0,0,0,0,0,0,0,0,0,0,0
publicsemana.onesignal.com,desconocido,0,0,0,0,0,0,0,0,0,0,0,0,0,0,0,0,2,1,0
publicsemana.os.tc,desconocido,0,0,0,0,0,0,0,0,0,0,0,0,0,0,0,0,2,1,0
pubmatic-match.dotomi.com,publicidad,0,2,1,0,2,1,0,0,0,0,2,1,0,0,0,0,0,0,0
px.ads.linkedin.com,publicidad,0,2,1,0,2,1,0,4,1,0,2,1,0,2,1,0,0,0,0
pxl.iqm.com,publicidad,0,2,1,0,2,1,0,0,0,0,0,0,0,0,0,0,0,0,0
query2.finance.yahoo.com,desconocido,0,0,0,0,0,0,0,2,1,0,0,0,0,0,0,0,0,0,0
recommendations-gateway-59wv044u.uc.gateway.dev,desconocido,0,2,1,0,0,0,0,0,0,0,0,0,0,0,0,0,0,0,0
retargetly-match.dotomi.com,publicidad,0,0,0,0,0,0,0,0,0,0,2,1,0,0,0,0,0,0,0
rr1---sn-ja5gvjv-c59z.googlevideo.com,desconocido,0,0,0,0,0,0,0,0,0,0,2,1,0,0,0,0,0,0,0
rt.marphezis.com,desconocido,0,2,1,0,2,1,0,0,0,0,0,0,0,0,0,0,0,0,0
rtb-csync.smartadserver.com,publicidad,0,2,1,0,4,1,0,4,1,0,0,0,0,0,0,0,0,0,0
rtb.adentifi.com,desconocido,0,2,1,0,2,1,0,0,0,0,2,1,0,0,0,0,0,0,0
rtb.adstanding.com,publicidad,0,2,1,0,2,1,0,0,0,0,0,0,0,0,0,0,0,0,0
rtb.gumgum.com,publicidad,0,2,1,0,2,1,0,0,0,0,0,0,0,0,0,0,0,0,0
rtb.hhkld.com,desconocido,0,0,0,0,0,0,0,0,0,0,4,1,0,0,0,0,0,0,0
rtb.mfadsrvr.com,publicidad,0,2,1,0,2,1,0,2,1,0,2,1,0,0,0,0,0,0,0
rtb.openx.net,publicidad,0,4,1,0,2,1,0,4,1,0,0,0,0,2,1,0,0,0,0
rtb2-useast.delivrdsp.ai,desconocido,0,2,1,0,0,0,0,0,0,0,0,0,0,0,0,0,0,0,0
rtb2-useast.voisetech.com,desconocido,0,0,0,0,0,0,0,0,0,0,0,0,0,2,1,0,0,0,0
rtd-tm.everesttech.net,rastreador,0,2,1,0,2,1,0,0,0,0,0,0,0,0,0,0,0,0,0
s-img.mgid.com,publicidad,0,0,0,0,0,0,0,0,0,0,2,1,0,0,0,0,0,0,0
s.ad.smaato.net,desconocido,0,2,1,0,2,1,0,0,0,0,0,0,0,0,0,0,0,0,0
s.adtelligent.com,desconocido,0,3,1,0,3,1,0,0,0,0,0,0,0,0,0,0,0,0,0
s.amazon-adsystem.com,publicidad,0,2,1,0,2,1,0,2,1,0,2,1,0,0,0,0,0,0,0
s.company-target.com,desconocido,0,2,1,0,2,1,0,2,1,0,0,0,0,0,0,0,0,0,0
s.go-mpulse.net,rastreador,0,0,0,0,0,0,0,0,0,0,0,0,0,2,1,0,2,1,0
s.richaudience.com,publicidad,0,0,0,0,2,1,0,0,0,0,0,0,0,0,0,0,0,0,0
s.seedtag.com,desconocido,0,2,1,0,4,1,0,2,1,0,0,0,0,0,0,0,0,0,0
s.tribalfusion.com,publicidad,0,2,1,0,2,1,0,0,0,0,2,1,0,2,1,0,0,0,0
s0.2mdn.net,publicidad,0,2,1,0,2,1,0,2,1,0,0,0,0,0,0,0,0,0,0
s2s.viralize.tv,desconocido,0,0,0,0,0,0,0,4,1,0,0,0,0,0,0,0,0,0,0
sb.scorecardresearch.com,publicidad,0,2,1,0,2,1,0,2,1,0,2,1,0,0,0,0,0,0,0
script.crazyegg.com,publicidad,0,2,1,0,2,1,0,0,0,0,0,0,0,0,0,0,0,0,0
scripts.clarity.ms,rastreador,0,0,0,0,0,0,0,2,1,0,2,1,0,0,0,0,0,0,0
sdk.mrf.io,desconocido,0,2,1,0,2,1,0,2,1,0,0,0,0,2,1,0,0,0,0
secure-assets.rubiconproject.com,publicidad,0,2,1,0,2,1,0,0,0,0,2,1,0,0,0,0,0,0,0
secure.adnxs.com,publicidad,0,2,1,0,4,1,0,2,1,0,0,0,0,0,0,0,0,0,0
secure.cdn.fastclick.net,publicidad,0,2,1,0,2,1,0,2,1,0,0,0,0,0,0,0,0,0,0
securepubads.g.doubleclick.net,publicidad,0,4,1,0,2,1,0,4,1,0,2,1,0,2,1,0,2,1,0
seg.eltiempo.com,desconocido,1,0,0,0,2,1,0,0,0,0,0,0,0,0,0,0,0,0,0
segment.api.useinsider.com,desconocido,0,0,0,0,0,0,0,0,0,0,5,1,0,0,0,0,0,0,0
serv-us-1.onetag-sys.com,desconocido,0,0,0,0,2,1,0,0,0,0,0,0,0,0,0,0,0,0,0
server.smartytech.io,desconocido,0,2,1,0,2,1,0,0,0,0,0,0,0,0,0,0,0,0,0
servicer.mgid.com,publicidad,0,0,0,0,0,0,0,0,0,0,2,1,0,0,0,0,0,0,0
sg.semasio.net,publicidad,0,2,1,0,2,1,0,0,0,0,2,1,0,0,0,0,0,0,0
shb.richaudience.com,publicidad,0,2,1,0,2,1,0,2,1,0,0,0,0,0,0,0,0,0,0
simage2.pubmatic.com,desconocido,0,2,1,0,2,1,0,2,1,0,2,1,0,0,0,0,0,0,0
simage4.pubmatic.com,desconocido,0,2,1,0,2,1,0,0,0,0,2,1,0,0,0,0,0,0,0
sonata-notifications.taptapnetworks.com,desconocido,0,2,1,0,2,1,0,0,0,0,0,0,0,0,0,0,0,0,0
sonic.impactify.media,desconocido,0,2,1,0,2,1,0,0,0,0,0,0,0,0,0,0,0,0,0
ssb-global.smartadserver.com,publicidad,0,3,1,0,5,1,0,2,1,0,0,0,0,0,0,0,0,0,0
ssbsync-global.smartadserver.com,publicidad,0,3,1,0,3,1,0,4,1,0,3,1,0,0,0,0,0,0,0
ssbsync-us.smartadserver.com,publicidad,0,2,1,0,2,1,0,2,1,0,0,0,0,0,0,0,0,0,0
ssbsync.smartadserver.com,publicidad,0,3,1,0,3,1,0,0,0,0,3,1,0,0,0,0,0,0,0
ssc-cms.33across.com,publicidad,0,2,1,0,2,1,0,0,0,0,0,0,0,0,0,0,0,0,0
ssp-sync.criteo.com,publicidad,0,2,1,0,4,1,0,2,1,0,2,1,0,0,0,0,0,0,0
ssp.api.tappx.com,publicidad,0,2,1,0,2,1,0,0,0,0,0,0,0,0,0,0,0,0,0
ssp.disqus.com,desconocido,0,2,1,0,2,1,0,0,0,0,0,0,0,0,0,0,0,0,0
ssp.wp.pl,desconocido,0,2,1,0,2,1,0,0,0,0,0,0,0,0,0,0,0,0,0
ssum-sec.casalemedia.com,publicidad,0,2,1,0,2,1,0,2,1,0,0,0,0,0,0,0,0,0,0
ssum.casalemedia.com,publicidad,0,2,1,0,2,1,0,0,0,0,2,1,0,0,0,0,0,0,0
static.ads-twitter.com,publicidad,0,2,1,0,0,0,0,0,0,0,2,1,0,0,0,0,0,0,0
static.cdn.admatic.de,desconocido,0,2,1,0,2,1,0,0,0,0,0,0,0,0,0,0,0,0,0
static.cdn.monetixads.com,desconocido,0,0,0,0,2,1,0,0,0,0,0,0,0,0,0,0,0,0,0
static.cloudflareinsights.com,publicidad,0,0,0,0,2,1,0,0,0,0,0,0,0,0,0,0,0,0,0
static.criteo.net,publicidad,0,2,1,0,2,1,0,2,1,0,4,1,0,2,1,0,0,0,0
static.doubleclick.net,publicidad,0,0,0,0,0,0,0,2,1,0,2,1,0,0,0,0,0,0,0
static.teads.tv,publicidad,0,0,0,0,2,1,0,2,1,0,0,0,0,0,0,0,0,0,0
stats-collector.cxense.com,rastreador,0,2,1,0,0,0,0,0,0,0,0,0,0,0,0,0,0,0,0
stats.g.doubleclick.net,publicidad,0,2,1,0,2,1,0,2,1,0,2,1,0,2,1,0,0,0,0
stats.wp.com,rastreador,0,0,0,0,0,0,0,0,0,0,2,1,0,0,0,0,0,0,0
stx-match.dotomi.com,publicidad,0,2,1,0,2,1,0,0,0,0,0,0,0,0,0,0,0,0,0
suscripciones.elespectador.com,desconocido,1,0,0,0,0,0,0,0,0,0,2,1,0,0,0,0,0,0,0
sync-ssp.adsmovil.com,desconocido,0,2,1,0,2,1,0,0,0,0,0,0,0,0,0,0,0,0,0
sync-tm.everesttech.net,rastreador,0,2,1,0,2,1,0,2,1,0,2,1,0,0,0,0,0,0,0
sync.1rx.io,publicidad,0,2,1,0,2,1,0,4,1,0,2,1,0,0,0,0,0,0,0
sync.a-mo.net,desconocido,0,2,1,0,2,1,0,2,1,0,0,0,0,0,0,0,0,0,0
sync.adkernel.com,desconocido,0,2,1,0,2,1,0,0,0,0,0,0,0,0,0,0,0,0,0
sync.adotmob.com,publicidad,0,2,1,0,2,1,0,0,0,0,0,0,0,0,0,0,0,0,0
sync.adtech.ink,desconocido,0,2,1,0,2,1,0,0,0,0,0,0,0,0,0,0,0,0,0
sync.adtelligent.com,desconocido,0,2,1,0,2,1,0,0,0,0,0,0,0,0,0,0,0,0,0
sync.aniview.com,publicidad,0,2,1,0,2,1,0,0,0,0,2,1,0,0,0,0,0,0,0
sync.aralego.com,publicidad,0,0,0,0,2,1,0,0,0,0,0,0,0,0,0,0,0,0,0
sync.bidmatic.io,desconocido,0,2,1,0,2,1,0,0,0,0,0,0,0,0,0,0,0,0,0
sync.colossusssp.com,desconocido,0,2,1,0,0,0,0,0,0,0,0,0,0,0,0,0,0,0,0
sync.connectad.io,publicidad,0,2,1,0,2,1,0,0,0,0,0,0,0,0,0,0,0,0,0
sync.cootlogix.com,publicidad,0,2,1,0,2,1,0,0,0,0,0,0,0,0,0,0,0,0,0
sync.crwdcntrl.net,rastreador,0,4,1,0,2,1,0,2,1,0,4,1,0,0,0,0,0,0,0
sync.drift-pixel.ai,desconocido,0,0,0,0,2,1,0,0,0,0,0,0,0,0,0,0,0,0,0
sync.dxtech.ai,desconocido,0,2,1,0,2,1,0,0,0,0,0,0,0,0,0,0,0,0,0
sync.e-planning.net,publicidad,0,0,0,0,0,0,0,2,1,0,0,0,0,0,0,0,0,0,0
sync.go.sonobi.com,publicidad,0,2,1,0,2,1,0,0,0,0,0,0,0,0,0,0,0,0,0
sync.inmobi.com,publicidad,0,2,1,0,2,1,0,0,0,0,0,0,0,0,0,0,0,0,0
sync.ipredictive.com,publicidad,0,2,1,0,2,1,0,2,1,0,2,1,0,0,0,0,0,0,0
sync.iqzonertb.live,desconocido,0,2,1,0,2,1,0,0,0,0,2,1,0,0,0,0,0,0,0
sync.kueezrtb.com,publicidad,0,2,1,0,2,1,0,0,0,0,0,0,0,0,0,0,0,0,0
sync.lunamedia.live,desconocido,0,2,1,0,2,1,0,0,0,0,0,0,0,0,0,0,0,0,0
sync.mathtag.com,publicidad,0,4,1,0,4,1,0,2,1,0,4,1,0,0,0,0,0,0,0
sync.navdmp.com,desconocido,0,0,0,0,0,0,0,2,1,0,0,0,0,0,0,0,0,0,0
sync.p7cloud.net,rastreador,0,2,1,0,2,1,0,0,0,0,2,1,0,0,0,0,0,0,0
sync.pmbmonetize.live,desconocido,0,2,1,0,2,1,0,2,1,0,0,0,0,0,0,0,0,0,0
sync.programmaticx.ai,desconocido,0,2,1,0,2,1,0,0,0,0,0,0,0,0,0,0,0,0,0
sync.rbstsystems.live,desconocido,0,0,0,0,2,1,0,0,0,0,0,0,0,0,0,0,0,0,0
sync.resetdigital.co,desconocido,0,2,1,0,2,1,0,0,0,0,2,1,0,0,0,0,0,0,0
sync.richaudience.com,publicidad,0,2,1,0,2,1,0,2,1,0,2,1,0,0,0,0,0,0,0
sync.serverbid.com,desconocido,0,2,1,0,2,1,0,0,0,0,0,0,0,0,0,0,0,0,0
sync.smartadserver.com,publicidad,0,0,0,0,0,0,0,0,0,0,2,1,0,0,0,0,0,0,0
sync.sparteo.com,desconocido,0,2,1,0,2,1,0,0,0,0,0,0,0,0,0,0,0,0,0
sync.springserve.com,publicidad,0,2,1,0,2,1,0,2,1,0,2,1,0,0,0,0,0,0,0
sync.srv.stackadapt.com,publicidad,0,2,1,0,2,1,0,0,0,0,2,1,0,2,1,0,0,0,0
sync.targeting.unrulymedia.com,publicidad,0,2,1,0,2,1,0,2,1,0,2,1,0,0,0,0,0,0,0
sync.teads.tv,publicidad,0,0,0,0,0,0,0,0,0,0,0,0,0,2,1,0,0,0,0
sync.technoratimedia.com,desconocido,0,0,0,0,2,1,0,0,0,0,0,0,0,0,0,0,0,0,0
sync.theagenticx.ai,desconocido,0,0,0,0,0,0,0,0,0,0,0,0,0,2,1,0,0,0,0
sync.visx.net,desconocido,0,2,1,0,2,1,0,0,0,0,0,0,0,0,0,0,0,0,0
sync2.navdmp.com,desconocido,0,0,0,0,0,0,0,2,1,0,0,0,0,0,0,0,0,0,0
sync6.im-apps.net,desconocido,0,2,1,0,2,1,0,2,1,0,4,1,0,2,1,0,0,0,0
syncingbridge.com,rastreador,0,2,1,0,2,1,0,0,0,0,0,0,0,0,0,0,0,0,0
t.adx.opera.com,rastreador,0,2,1,0,4,1,0,2,1,0,2,1,0,0,0,0,0,0,0
t.co,publicidad,0,2,1,0,0,0,0,0,0,0,2,1,0,0,0,0,0,0,0
t.oa.opera.com,desconocido,0,2,1,0,4,1,0,2,1,0,2,1,0,0,0,0,0,0,0
t.rtbscale.com,desconocido,0,0,0,0,0,0,0,0,0,0,0,0,0,2,1,0,0,0,0
t.seedtag.com,desconocido,0,0,0,0,2,1,0,0,0,0,0,0,0,0,0,0,0,0,0
t.trafmag.com,desconocido,0,2,1,0,2,1,0,0,0,0,0,0,0,0,0,0,0,0,0
tag.navdmp.com,desconocido,0,0,0,0,0,0,0,2,1,0,0,0,0,0,0,0,0,0,0
tags.crwdcntrl.net,rastreador,0,2,1,0,2,1,0,2,1,0,5,1,0,2,1,0,0,0,0
tags.tiqcdn.com,publicidad,0,2,1,0,0,0,0,0,0,0,0,0,0,0,0,0,0,0,0
thrtle.com,desconocido,0,2,1,0,2,1,0,0,0,0,0,0,0,0,0,0,0,0,0
tlx.3lift.com,publicidad,0,0,0,0,0,0,0,2,1,0,0,0,0,0,0,0,0,0,0
token.rubiconproject.com,publicidad,0,4,1,0,2,1,0,4,1,0,4,1,0,0,0,0,0,0,0
tpc.googlesyndication.com,publicidad,0,4,1,0,4,1,0,4,1,0,6,1,0,2,1,0,2,0,0
tr.blismedia.com,desconocido,0,2,1,0,4,1,0,2,1,0,2,1,0,0,0,0,0,0,0
trace.mediago.io,desconocido,0,2,1,0,0,0,0,0,0,0,0,0,0,0,0,0,0,0,0
trace.us.rtbwise.com,desconocido,0,2,1,0,4,1,0,0,0,0,0,0,0,0,0,0,0,0,0
track.hubspot.com,rastreador,0,0,0,0,0,0,0,2,1,0,0,0,0,0,0,0,0,0,0
tracker.ssp.balance-x.com,desconocido,0,2,1,0,2,1,0,0,0,0,0,0,0,0,0,0,0,0,0
tracookiepixel.xyz,desconocido,0,2,1,0,2,1,0,2,1,0,2,1,0,0,0,0,0,0,0
trc.taboola.com,publicidad,0,0,0,0,0,0,0,0,0,0,0,0,0,2,1,0,0,0,0
u-ams.4dex.io,desconocido,0,2,1,0,2,1,0,0,0,0,0,0,0,0,0,0,0,0,0
u-iad04.e-planning.net,publicidad,0,0,0,0,0,0,0,2,1,0,0,0,0,0,0,0,0,0,0
u-las.4dex.io,desconocido,0,2,1,0,2,1,0,0,0,0,0,0,0,0,0,0,0,0,0
u-region.4dex.io,desconocido,0,0,0,0,0,0,0,13,1,0,0,0,0,0,0,0,0,0,0
u.4dex.io,desconocido,0,2,1,0,2,1,0,0,0,0,0,0,0,2,1,0,0,0,0
u.openx.net,publicidad,0,2,1,0,2,1,0,2,1,0,0,0,0,0,0,0,0,0,0
uipglob.semasio.net,publicidad,0,2,1,0,4,1,0,2,1,0,2,1,0,0,0,0,0,0,0
um.simpli.fi,publicidad,0,2,1,0,2,1,0,0,0,0,2,1,0,0,0,0,0,0,0
ums.acuityplatform.com,publicidad,0,2,1,0,2,1,0,0,0,0,0,0,0,2,1,0,0,0,0
unpkg.com,desconocido,0,0,0,0,0,0,0,0,0,0,2,1,0,0,0,0,0,0,0
ups.analytics.yahoo.com,rastreador,0,4,1,0,2,1,0,4,1,0,2,1,0,2,1,0,0,0,0
us-an.gr-cdn.com,desconocido,0,0,0,0,0,0,0,2,1,0,0,0,0,0,0,0,0,0,0
us-central1-adsmovil-data-providers.cloudfunctions.net,desconocido,0,2,1,0,2,1,0,0,0,0,0,0,0,0,0,0,0,0,0
us-east-1-cs-rtb.openwebmp.com,desconocido,0,2,1,0,2,1,0,0,0,0,0,0,0,0,0,0,0,0,0
us-east-sync.richaudience.com,publicidad,0,2,1,0,2,1,0,2,1,0,0,0,0,0,0,0,0,0,0
us-u.openx.net,publicidad,0,4,1,0,2,1,0,2,1,0,0,0,0,0,0,0,0,0,0
us-wbe.gr-cdn.com,desconocido,0,0,0,0,0,0,0,2,1,0,0,0,0,0,0,0,0,0,0
us-west-sync.bidswitch.net,rastreador,0,0,0,0,2,1,0,0,0,0,0,0,0,0,0,0,0,0,0
us4.shb-sync.com,desconocido,0,2,1,0,2,1,0,0,0,0,0,0,0,0,0,0,0,0,0
use.typekit.net,desconocido,0,0,0,0,0,0,0,0,0,0,2,1,0,0,0,0,2,1,0
user-sync.fwmrm.net,desconocido,0,2,1,0,2,1,0,4,1,0,2,1,0,0,0,0,0,0,0
usermatch.krxd.net,rastreador,0,4,1,0,4,1,0,0,0,0,0,0,0,0,0,0,0,0,0
usersync.gumgum.com,desconocido,0,2,1,0,2,1,0,0,0,0,0,0,0,0,0,0,0,0,0
usr.navdmp.com,desconocido,0,0,0,0,0,0,0,2,1,0,0,0,0,0,0,0,0,0,0
usr.undertone.com,publicidad,0,2,1,0,2,1,0,0,0,0,0,0,0,0,0,0,0,0,0
usw1-sync.a-mo.net,desconocido,0,2,1,0,2,1,0,4,1,0,2,1,0,0,0,0,0,0,0
usync.4dex.io,desconocido,0,2,1,0,2,1,0,0,0,0,0,0,0,0,0,0,0,0,0
usync.ingage.tech,desconocido,0,0,0,0,2,1,0,0,0,0,0,0,0,0,0,0,0,0,0
ut.pubmatic.com,desconocido,0,2,1,0,2,1,0,0,0,0,2,1,0,0,0,0,0,0,0
viralize-d.openx.net,publicidad,0,0,0,0,0,0,0,2,1,0,0,0,0,0,0,0,0,0,0
visitor-ow.omnitagjs.com,desconocido,0,2,1,0,2,1,0,0,0,0,0,0,0,0,0,0,0,0,0
visitor-programmaticx.omnitagjs.com,desconocido,0,9,1,0,8,1,0,0,0,0,0,0,0,0,0,0,0,0,0
visitor-px.omnitagjs.com,desconocido,0,9,1,0,8,1,0,0,0,0,0,0,0,0,0,0,0,0,0
visitor.omnitagjs.com,desconocido,0,2,1,0,2,1,0,2,1,0,0,0,0,0,0,0,0,0,0
vop.sundaysky.com,desconocido,0,0,0,0,2,1,0,0,0,0,0,0,0,0,0,0,0,0,0
web-banner.ads.aps.amazon-adsystem.com,publicidad,0,2,1,0,7,1,0,0,0,0,0,0,0,0,0,0,0,0,0
web-cf-event-cell7001.ads.aps.amazon-adsystem.com,publicidad,0,0,0,0,2,1,0,0,0,0,0,0,0,0,0,0,0,0,0
web-video.ads.aps.amazon-adsystem.com,publicidad,0,0,0,0,0,0,0,2,1,0,0,0,0,0,0,0,0,0,0
web.ads.aps.amazon-adsystem.com,publicidad,0,0,0,0,0,0,0,2,1,0,0,0,0,0,0,0,0,0,0
wp-log.api.useinsider.com,desconocido,0,0,0,0,0,0,0,0,0,0,2,1,0,0,0,0,0,0,0
wt.rqtrk.eu,publicidad,0,2,1,0,2,1,0,0,0,0,0,0,0,0,0,0,0,0,0
www.clarity.ms,rastreador,0,0,0,0,0,0,0,2,1,0,2,1,0,0,0,0,0,0,0
www.datos.gov.co,desconocido,0,0,0,0,0,0,0,2,1,0,0,0,0,0,0,0,0,0,0
www.elcolombiano.com,desconocido,1,0,0,0,0,0,0,2,1,0,0,0,0,0,0,0,0,0,0
www.elespectador.com,desconocido,1,0,0,0,0,0,0,0,0,0,2,1,0,0,0,0,0,0,0
www.elheraldo.co,desconocido,1,0,0,0,0,0,0,0,0,0,2,0,0,2,1,0,0,0,0
www.eltiempo.com,desconocido,1,2,1,0,2,1,0,0,0,0,0,0,0,0,0,0,0,0,0
www.facebook.com,desconocido,0,4,1,0,2,1,0,2,1,0,2,1,0,0,0,0,0,0,0
www.google-analytics.com,publicidad,0,2,1,0,0,0,0,0,0,0,2,1,0,0,0,0,2,1,0
www.google.com,desconocido,0,6,1,0,6,1,0,6,1,0,8,1,0,6,1,0,2,0,0
www.google.com.co,desconocido,0,2,1,0,2,1,0,2,1,0,2,1,0,2,1,0,0,0,0
www.googleadservices.com,publicidad,0,2,1,0,2,1,0,2,1,0,0,0,0,0,0,0,0,0,0
www.googletagmanager.com,rastreador,0,2,1,0,2,1,0,2,1,0,2,1,0,2,1,0,2,1,0
www.gstatic.com,desconocido,0,4,1,0,2,0,0,8,1,0,8,1,0,8,1,0,4,1,0
www.npttech.com,publicidad,0,2,1,0,0,0,0,0,0,0,0,0,0,0,0,0,0,0,0
www.portafolio.co,desconocido,1,0,0,0,2,1,0,0,0,0,0,0,0,0,0,0,0,0,0
www.queryly.com,desconocido,0,0,0,0,0,0,0,0,0,0,0,0,0,2,1,0,0,0,0
www.semana.com,desconocido,1,0,0,0,0,0,0,0,0,0,0,0,0,0,0,0,2,1,0
www.temu.com,desconocido,0,2,1,0,4,1,0,2,1,0,2,1,0,2,1,0,0,0,0
www.unpkg.com,desconocido,0,0,0,0,0,0,0,2,1,0,0,0,0,0,0,0,0,0,0
www.youtube.com,desconocido,0,2,1,0,2,1,0,2,1,0,4,1,0,0,0,0,0,0,0
x.bidswitch.net,rastreador,0,2,1,0,4,1,0,4,1,0,4,1,0,0,0,0,0,0,0
y.clarity.ms,rastreador,0,0,0,0,0,0,0,2,1,0,0,0,0,0,0,0,0,0,0
yt3.ggpht.com,desconocido,0,0,0,0,0,0,0,2,1,0,0,0,0,0,0,0,0,0,0
yuqcdztyqe.execute-api.us-east-1.amazonaws.com,desconocido,0,0,0,0,0,0,0,2,1,0,0,0,0,0,0,0,0,0,0
