nombre,categoria,propio_de_fabricante,consultas_amazon,pedido_por_paginas_amazon,bloqueado_por_amazon,consultas_walmart,pedido_por_paginas_walmart,bloqueado_por_walmart,consultas_ebay,pedido_por_paginas_ebay,bloqueado_por_ebay,consultas_espn,pedido_por_paginas_espn,bloqueado_por_espn,consultas_weather,pedido_por_paginas_weather,bloqueado_por_weather,consultas_yahoo,pedido_por_paginas_yahoo,bloqueado_por_yahoo
13341218.fls.doubleclick.net,publicidad,0,0,0,0,0,0,0,2,1,0,0,0,0,0,0,0,0,0,0
1c5c1ecf7303.79231ff0.sa-east-1.token.awswaf.com,desconocido,1,2,1,0,0,0,0,0,0,0,0,0,0,0,0,0,0,0,0
9a50a2d03166bdec8981830bd02e44df.safeframe.googlesyndication.com,publicidad,0,0,0,0,0,0,0,0,0,0,2,1,0,0,0,0,0,0,0
9e267abe063f6005b6758b98673a1d76.safeframe.googlesyndication.com,publicidad,0,0,0,0,0,0,0,0,0,0,0,0,0,0,0,0,2,1,0
a.amxrtb.com,desconocido,0,0,0,0,0,0,0,0,0,0,0,0,0,0,0,0,2,1,0
a.espncdn.com,desconocido,1,0,0,0,0,0,0,0,0,0,4,1,0,0,0,0,0,0,0
a.sportradarserving.com,desconocido,0,0,0,0,0,0,0,0,0,0,0,0,0,0,0,0,2,1,0
a.tribalfusion.com,publicidad,0,0,0,0,0,0,0,0,0,0,2,1,0,0,0,0,4,1,0
a1.espncdn.com,desconocido,1,0,0,0,0,0,0,0,0,0,4,1,0,0,0,0,0,0,0
a2.espncdn.com,desconocido,1,0,0,0,0,0,0,0,0,0,4,1,0,0,0,0,0,0,0
a3.espncdn.com,desconocido,1,0,0,0,0,0,0,0,0,0,4,1,0,0,0,0,0,0,0
a4.espncdn.com,desconocido,1,0,0,0,0,0,0,0,0,0,4,1,0,0,0,0,0,0,0
aa.agkn.com,rastreador,0,2,1,0,0,0,0,0,0,0,2,1,0,0,0,0,4,1,0
aax-eu.amazon-adsystem.com,publicidad,0,0,0,0,0,0,0,0,0,0,2,1,0,0,0,0,2,1,0
aax.amazon-adsystem.com,publicidad,0,0,0,0,0,0,0,0,0,0,0,0,0,2,1,0,0,0,0
accounts.google.com,desconocido,0,2,0,0,2,0,0,4,0,0,2,0,0,4,1,0,2,0,0
acdn.adnxs.com,publicidad,0,0,0,0,0,0,0,0,0,0,2,1,0,0,0,0,4,1,0
ad.360yield.com,publicidad,0,0,0,0,0,0,0,0,0,0,0,0,0,0,0,0,4,1,0
ad.doubleclick.net,publicidad,0,0,0,0,0,0,0,2,1,0,0,0,0,0,0,0,4,1,0
ad.turn.com,publicidad,0,0,0,0,0,0,0,0,0,0,2,1,0,0,0,0,4,1,0
ade.googlesyndication.com,rastreador,0,0,0,0,0,0,0,0,0,0,0,0,0,0,0,0,2,1,0
ads.betweendigital.com,desconocido,0,0,0,0,0,0,0,0,0,0,0,0,0,0,0,0,2,1,0
ads.creative-serving.com,publicidad,0,0,0,0,0,0,0,0,0,0,0,0,0,0,0,0,2,1,0
ads.pubmatic.com,publicidad,0,0,0,0,0,0,0,0,0,0,2,1,0,0,0,0,6,1,0
ads.samba.tv,desconocido,0,2,1,0,0,0,0,0,0,0,0,0,0,0,0,0,0,0,0
ads.yieldmo.com,publicidad,0,0,0,0,0,0,0,0,0,0,0,0,0,0,0,0,6,1,0
adservice.google.com,publicidad,0,0,0,0,0,0,0,2,1,0,0,0,0,0,0,0,0,0,0
alb.reddit.com,rastreador,0,0,0,0,0,0,0,2,1,0,0,0,0,0,0,0,0,0,0
analytics-455007615.collector.yahoo.net,desconocido,1,0,0,0,0,0,0,0,0,0,0,0,0,0,0,0,2,1,0
ap.lijit.com,publicidad,0,0,0,0,0,0,0,0,0,0,0,0,0,0,0,0,4,1,0
api-ssp.spot.im,desconocido,0,0,0,0,0,0,0,0,0,0,0,0,0,0,0,0,2,1,0
api.lab.amplitude.com,publicidad,0,0,0,0,0,0,0,0,0,0,0,0,0,2,1,0,0,0,0
api.taboola.com,publicidad,0,0,0,0,0,0,0,0,0,0,0,0,0,0,0,0,2,1,0
api.weather.com,desconocido,1,0,0,0,0,0,0,0,0,0,0,0,0,2,1,0,0,0,0
b.wal.co,desconocido,1,0,0,0,2,1,0,0,0,0,0,0,0,0,0,0,0,0,0
b.www.walmart.com,desconocido,1,0,0,0,2,1,0,0,0,0,0,0,0,0,0,0,0,0,0
b1sync.outbrain.com,publicidad,0,0,0,0,0,0,0,0,0,0,3,1,0,0,0,0,2,1,0
backstory.ebay.com,desconocido,1,0,0,0,0,0,0,2,1,0,0,0,0,0,0,0,0,0,0
bam.nr-data.net,publicidad,0,0,0,0,0,0,0,0,0,0,0,0,0,2,1,0,0,0,0
bcp.crwdcntrl.net,rastreador,0,0,0,0,0,0,0,0,0,0,2,1,0,0,0,0,0,0,0
beacon.lynx.cognitivlabs.com,desconocido,0,0,0,0,0,0,0,0,0,0,2,1,0,0,0,0,4,1,0
beacon.walmart.com,rastreador,1,0,0,0,2,0,0,0,0,0,0,0,0,0,0,0,0,0,0
bh.contextweb.com,publicidad,0,0,0,0,0,0,0,0,0,0,2,1,0,0,0,0,2,1,0
c.bing.com,desconocido,0,0,0,0,0,0,0,0,0,0,0,0,0,0,0,0,2,1,0
c1.adform.net,publicidad,0,0,0,0,0,0,0,0,0,0,2,1,0,0,0,0,2,1,0
c21lg-d.media.net,publicidad,0,0,0,0,0,0,0,0,0,0,0,0,0,0,0,0,2,1,0
c2shb-oao.ssp.yahoo.com,desconocido,1,0,0,0,0,0,0,0,0,0,0,0,0,0,0,0,2,1,0
capi.connatix.com,rastreador,0,2,1,0,0,0,0,0,0,0,2,1,0,0,0,0,3,1,0
cas.avalon.perfdrive.com,desconocido,0,0,0,0,0,0,0,2,1,0,0,0,0,0,0,0,0,0,0
cdn-gl.imrworldwide.com,rastreador,0,0,0,0,0,0,0,0,0,0,4,1,0,0,0,0,0,0,0
cdn.id5-sync.com,publicidad,0,0,0,0,0,0,0,0,0,0,2,1,0,0,0,0,0,0,0
cdn.jsdelivr.net,desconocido,0,0,0,0,0,0,0,0,0,0,2,1,0,0,0,0,0,0,0
cdn.parsely.com,publicidad,0,0,0,0,0,0,0,0,0,0,2,1,0,0,0,0,0,0,0
cdn.privacy-mgmt.com,desconocido,0,0,0,0,0,0,0,0,0,0,0,0,0,4,1,0,0,0,0
cdn.registerdisney.go.com,desconocido,1,0,0,0,0,0,0,0,0,0,6,1,0,0,0,0,0,0,0
cdn.taboola.com,publicidad,0,0,0,0,0,0,0,0,0,0,0,0,0,2,1,0,6,1,0
cdn.undertone.com,publicidad,0,0,0,0,0,0,0,0,0,0,0,0,0,0,0,0,2,1,0
cds.taboola.com,publicidad,0,0,0,0,0,0,0,0,0,0,0,0,0,0,0,0,2,1,0
ce.lijit.com,publicidad,0,0,0,0,0,0,0,0,0,0,2,1,0,0,0,0,2,1,0
client-sdk-configs.bamgrid.com,desconocido,1,0,0,0,0,0,0,0,0,0,2,1,0,0,0,0,0,0,0
client.aps.amazon-adsystem.com,publicidad,0,0,0,0,0,0,0,0,0,0,0,0,0,2,1,0,0,0,0
client.px-cloud.net,desconocido,0,0,0,0,2,1,0,0,0,0,0,0,0,0,0,0,0,0,0
cm-mx.advolve.io,desconocido,0,0,0,0,0,0,0,0,0,0,0,0,0,0,0,0,2,1,0
cm-supply-web.gammaplatform.com,desconocido,0,0,0,0,0,0,0,0,0,0,0,0,0,0,0,0,3,1,0
cm.adform.net,publicidad,0,0,0,0,0,0,0,0,0,0,0,0,0,0,0,0,2,1,0
cm.adgrx.com,desconocido,0,0,0,0,0,0,0,0,0,0,4,1,0,0,0,0,3,1,0
cm.g.doubleclick.net,publicidad,0,2,1,0,0,0,0,0,0,0,2,1,0,0,0,0,4,1,0
cm.mgid.com,publicidad,0,0,0,0,0,0,0,0,0,0,0,0,0,0,0,0,4,1,0
cms-xch-chicago.33across.com,publicidad,0,0,0,0,0,0,0,0,0,0,0,0,0,0,0,0,2,1,0
cms.analytics.yahoo.com,rastreador,1,0,0,0,0,0,0,0,0,0,2,1,0,0,0,0,0,0,0
cms.quantserve.com,publicidad,0,0,0,0,0,0,0,0,0,0,2,1,0,0,0,0,4,1,0
collector-pxu6b0qd2s.px-cloud.net,desconocido,0,0,0,0,2,1,0,0,0,0,0,0,0,0,0,0,0,0,0
config.aps.amazon-adsystem.com,publicidad,0,0,0,0,0,0,0,0,0,0,0,0,0,2,1,0,0,0,0
connect.facebook.net,desconocido,0,0,0,0,0,0,0,2,1,0,0,0,0,0,0,0,0,0,0
connectid.analytics.yahoo.com,rastreador,1,0,0,0,0,0,0,0,0,0,2,1,0,0,0,0,0,0,0
consent.cmp.oath.com,desconocido,0,0,0,0,0,0,0,0,0,0,0,0,0,0,0,0,2,1,0
contextual.media.net,publicidad,0,0,0,0,0,0,0,0,0,0,0,0,0,0,0,0,2,1,0
cookie-matching.mediarithmics.com,desconocido,0,2,1,0,0,0,0,0,0,0,0,0,0,0,0,0,0,0,0
cookies.nextmillmedia.com,desconocido,0,0,0,0,0,0,0,0,0,0,0,0,0,0,0,0,2,1,0
crb.kargo.com,publicidad,1,2,1,0,0,0,0,0,0,0,0,0,0,0,0,0,0,0,0
crcldu.com,desconocido,0,0,0,0,2,1,0,0,0,0,0,0,0,0,0,0,0,0,0
creativecdn.com,desconocido,0,0,0,0,0,0,0,0,0,0,2,1,0,0,0,0,4,1,0
cs-server-s2s.yellowblue.io,desconocido,0,0,0,0,0,0,0,0,0,0,0,0,0,0,0,0,2,1,0
cs.admanmedia.com,publicidad,0,0,0,0,0,0,0,0,0,0,0,0,0,0,0,0,4,1,0
cs.iqzone.com,desconocido,0,0,0,0,0,0,0,0,0,0,0,0,0,0,0,0,4,1,0
cs.krushmedia.com,desconocido,0,0,0,0,0,0,0,0,0,0,4,1,0,0,0,0,2,1,0
cs.loudecho.ai,desconocido,0,0,0,0,0,0,0,0,0,0,0,0,0,0,0,0,2,1,0
cs.media.net,rastreador,0,0,0,0,0,0,0,0,0,0,0,0,0,0,0,0,4,1,0
cs.openwebmedia.org,desconocido,0,0,0,0,0,0,0,0,0,0,0,0,0,0,0,0,2,1,0
cs.openwebmp.com,desconocido,0,0,0,0,0,0,0,0,0,0,0,0,0,0,0,0,2,1,0
cs.seedtag.com,desconocido,0,0,0,0,0,0,0,0,0,0,0,0,0,0,0,0,2,1,0
csync.copper6.com,desconocido,0,0,0,0,0,0,0,0,0,0,0,0,0,0,0,0,2,1,0
csync.loopme.me,desconocido,0,2,1,0,0,0,0,0,0,0,4,1,0,0,0,0,6,1,0
csync.smilewanted.com,publicidad,0,0,0,0,0,0,0,0,0,0,0,0,0,0,0,0,2,1,0
ct.pinterest.com,rastreador,0,0,0,0,0,0,0,4,1,0,0,0,0,0,0,0,0,0,0
d.adroll.com,publicidad,0,0,0,0,0,0,0,0,0,0,0,0,0,0,0,0,2,1,0
d.turn.com,publicidad,0,0,0,0,0,0,0,0,0,0,0,0,0,0,0,0,4,1,0
d2mqt2joll4fma.cloudfront.net,desconocido,0,0,0,0,0,0,0,0,0,0,0,0,0,0,0,0,2,1,0
dcf.espn.com,desconocido,1,0,0,0,0,0,0,0,0,0,4,1,0,0,0,0,0,0,0
de.tynt.com,publicidad,0,0,0,0,0,0,0,0,0,0,0,0,0,0,0,0,2,1,0
devicebind.ebay.com,desconocido,1,0,0,0,0,0,0,2,1,0,0,0,0,0,0,0,0,0,0
dis.criteo.com,publicidad,0,0,0,0,0,0,0,0,0,0,2,1,0,0,0,0,2,1,0
disney.demdex.net,rastreador,0,0,0,0,0,0,0,0,0,0,2,1,0,0,0,0,0,0,0
display.bidder.taboola.com,publicidad,0,0,0,0,0,0,0,0,0,0,0,0,0,0,0,0,2,1,0
dp1.33across.com,publicidad,0,0,0,0,0,0,0,0,0,0,0,0,0,0,0,0,2,1,0
dpm.demdex.net,rastreador,0,2,1,0,0,0,0,0,0,0,2,1,0,0,0,0,4,1,0
dsp-2.presage.io,desconocido,0,0,0,0,0,0,0,0,0,0,0,0,0,0,0,0,2,1,0
dsp-cookie.adfarm1.adition.com,publicidad,0,0,0,0,0,0,0,0,0,0,2,1,0,0,0,0,0,0,0
dsp-service.admatic.de,desconocido,0,0,0,0,0,0,0,0,0,0,0,0,0,0,0,0,2,1,0
dsp.360yield.com,publicidad,0,0,0,0,0,0,0,0,0,0,4,1,0,0,0,0,0,0,0
dsp.adkernel.com,desconocido,0,0,0,0,0,0,0,0,0,0,4,1,0,0,0,0,2,1,0
dsum-sec.casalemedia.com,publicidad,0,2,1,0,0,0,0,0,0,0,0,0,0,0,0,0,2,1,0
dsx.weather.com,desconocido,1,0,0,0,0,0,0,0,0,0,0,0,0,2,1,0,0,0,0
dvp.px-cloud.net,desconocido,0,0,0,0,2,1,0,0,0,0,0,0,0,0,0,0,0,0,0
dynamic.criteo.com,publicidad,0,0,0,0,0,0,0,2,1,0,0,0,0,0,0,0,0,0,0
eb2.3lift.com,publicidad,0,2,1,0,0,0,0,0,0,0,0,0,0,0,0,0,4,1,0
edgetrksvc.ebay.com,desconocido,1,0,0,0,0,0,0,2,0,0,0,0,0,0,0,0,0,0,0
ep1.adtrafficquality.google,desconocido,0,0,0,0,0,0,0,0,0,0,2,1,0,0,0,0,4,1,0
ep2.adtrafficquality.google,desconocido,0,0,0,0,0,0,0,0,0,0,4,1,0,0,0,0,4,1,0
espanol.yahoo.com,desconocido,1,0,0,0,0,0,0,0,0,0,0,0,0,0,0,0,2,1,0
espn.api.edge.bamgrid.com,desconocido,1,0,0,0,0,0,0,0,0,0,2,1,0,0,0,0,0,0,0
espn.connections.edge.bamgrid.com,desconocido,1,0,0,0,0,0,0,0,0,0,2,0,0,0,0,0,0,0,0
eu-u.openx.net,publicidad,0,0,0,0,0,0,0,0,0,0,0,0,0,0,0,0,2,1,0
eus.rubiconproject.com,publicidad,0,0,0,0,0,0,0,0,0,0,2,1,0,0,0,0,4,1,0
evt.undertone.com,publicidad,0,0,0,0,0,0,0,0,0,0,0,0,0,0,0,0,2,1,0
exchange.kueezrtb.com,publicidad,0,0,0,0,0,0,0,0,0,0,0,0,0,0,0,0,3,1,0
fan.api.espn.com,desconocido,1,0,0,0,0,0,0,0,0,0,4,1,0,0,0,0,0,0,0
fastlane.rubiconproject.com,publicidad,0,0,0,0,0,0,0,0,0,0,2,1,0,0,0,0,2,1,0
fei.pro-market.net,publicidad,0,0,0,0,0,0,0,0,0,0,0,0,0,0,0,0,2,1,0
fls-na.amazon.com,rastreador,1,2,1,0,0,0,0,0,0,0,0,0,0,0,0,0,0,0,0
fonts.googleapis.com,desconocido,0,0,0,0,2,1,0,0,0,0,0,0,0,0,0,0,0,0,0
fonts.gstatic.com,desconocido,0,0,0,0,2,0,0,2,1,0,0,0,0,0,0,0,0,0,0
fst-ec.perimeterx.net,rastreador,0,0,0,0,2,1,0,0,0,0,0,0,0,0,0,0,0,0,0
fundingchoicesmessages.google.com,desconocido,0,0,0,0,0,0,0,0,0,0,2,1,0,0,0,0,0,0,0
geo.ads.audio.thisisdax.com,desconocido,0,2,1,0,0,0,0,0,0,0,0,0,0,0,0,0,0,0,0
geo.yahoo.com,rastreador,1,0,0,0,0,0,0,0,0,0,0,0,0,0,0,0,2,1,0
gocm.c.appier.net,desconocido,0,0,0,0,0,0,0,0,0,0,0,0,0,0,0,0,2,1,0
google-bidout-d.openx.net,publicidad,0,0,0,0,0,0,0,0,0,0,2,1,0,0,0,0,0,0,0
googleads.g.doubleclick.net,publicidad,0,0,0,0,0,0,0,2,1,0,0,0,0,0,0,0,2,1,0
grid-bidder.criteo.com,publicidad,0,0,0,0,0,0,0,0,0,0,0,0,0,0,0,0,2,1,0
guce.yahoo.com,desconocido,1,0,0,0,0,0,0,0,0,0,0,0,0,0,0,0,2,1,0
gum.criteo.com,publicidad,0,0,0,0,2,1,0,2,1,0,2,1,0,0,0,0,2,1,0
hb.trustedstack.com,desconocido,0,0,0,0,0,0,0,0,0,0,0,0,0,0,0,0,6,1,0
hbopenbid.pubmatic.com,publicidad,0,0,0,0,0,0,0,0,0,0,2,1,0,0,0,0,2,1,0
hbx.media.net,publicidad,0,0,0,0,0,0,0,0,0,0,0,0,0,0,0,0,4,1,0
hde.tynt.com,publicidad,0,0,0,0,0,0,0,0,0,0,0,0,0,0,0,0,2,1,0
hq2zc2zefnwmg3wcm.ay.delivery,publicidad,0,0,0,0,0,0,0,0,0,0,0,0,0,2,1,0,0,0,0
htlb.casalemedia.com,publicidad,0,0,0,0,0,0,0,0,0,0,0,0,0,0,0,0,2,1,0
i.clean.gg,desconocido,0,0,0,0,0,0,0,0,0,0,0,0,0,0,0,0,2,1,0
i.ebayimg.com,desconocido,1,0,0,0,0,0,0,2,1,0,0,0,0,0,0,0,0,0,0
i.liadm.com,publicidad,0,0,0,0,0,0,0,0,0,0,2,1,0,0,0,0,2,1,0
i5.walmartimages.com,desconocido,1,0,0,0,4,1,0,0,0,0,0,0,0,0,0,0,0,0,0
ib.adnxs.com,publicidad,0,2,1,0,0,0,0,0,0,0,4,1,0,0,0,0,4,1,0
ice.360yield.com,publicidad,0,0,1,0,0,0,0,0,0,0,0,0,0,0,0,0,2,0,0
id.a-mx.com,rastreador,0,0,0,0,0,0,0,0,0,0,0,0,0,0,0,0,2,1,0
id.h2.stay22.com,desconocido,0,0,0,0,0,0,0,0,0,0,0,0,0,2,1,0,0,0,0
id.rlcdn.com,publicidad,0,0,0,0,0,0,0,0,0,0,2,1,0,0,0,0,2,1,0
id.rtb.mx,desconocido,0,0,0,0,0,0,0,0,0,0,0,0,0,0,0,0,2,1,0
id5-sync.com,publicidad,0,2,1,0,0,0,0,0,0,0,2,1,0,0,0,0,2,1,0
idpix.media6degrees.com,publicidad,0,0,0,0,0,0,0,0,0,0,0,0,0,0,0,0,4,1,0
idsync.rlcdn.com,publicidad,0,0,0,0,0,0,0,0,0,0,2,1,0,0,0,0,2,1,0
ift.px-cloud.net,desconocido,0,0,0,0,2,1,0,0,0,0,0,0,0,0,0,0,0,0,0
ih.adscale.de,publicidad,0,2,1,0,0,0,0,0,0,0,0,0,0,0,0,0,2,0,0
image2.pubmatic.com,publicidad,0,2,1,0,0,0,0,0,0,0,2,1,0,0,0,0,2,1,0
image4.pubmatic.com,publicidad,0,2,1,0,0,0,0,0,0,0,2,1,0,0,0,0,2,1,0
image6.pubmatic.com,publicidad,0,0,0,0,0,0,0,0,0,0,2,1,0,0,0,0,4,1,0
image8.pubmatic.com,desconocido,0,0,0,0,0,0,0,0,0,0,0,0,0,0,0,0,4,1,0
images-na.ssl-images-amazon.com,desconocido,1,2,1,0,0,0,0,0,0,0,0,0,0,0,0,0,0,0,0
images.taboola.com,publicidad,0,0,0,0,0,0,0,0,0,0,0,0,0,2,1,0,2,1,0
inv-nets.admixer.net,publicidad,0,0,0,0,0,0,0,0,0,0,0,0,0,0,0,0,2,1,0
invstatic101.creativecdn.com,desconocido,0,0,0,0,0,0,0,0,0,0,2,1,0,0,0,0,0,0,0
ipac.ctnsnet.com,desconocido,0,0,0,0,0,0,0,0,0,0,4,1,0,0,0,0,0,0,0
ir.ebaystatic.com,desconocido,1,0,0,0,0,0,0,2,1,0,0,0,0,0,0,0,0,0,0
ittpx.eskimi.com,desconocido,0,0,0,0,0,0,0,0,0,0,0,0,0,0,0,0,2,1,0
jadserve.postrelease.com,publicidad,0,2,1,0,0,0,0,0,0,0,0,0,0,0,0,0,2,1,0
js-agent.newrelic.com,publicidad,0,0,0,0,0,0,0,0,0,0,0,0,0,2,1,0,0,0,0
js-sec.indexww.com,publicidad,0,0,0,0,0,0,0,0,0,0,0,0,0,0,0,0,4,1,0
js.px-cloud.net,desconocido,0,0,0,0,4,1,0,0,0,0,0,0,0,0,0,0,0,0,0
jsapi.login.yahoo.com,desconocido,1,0,0,0,0,0,0,0,0,0,0,0,0,0,0,0,2,1,0
la-trc-events.taboola.com,publicidad,0,0,0,0,0,0,0,0,0,0,0,0,0,2,1,0,2,1,0
lciapi.ninthdecimal.com,rastreador,0,2,1,0,0,0,0,0,0,0,0,0,0,0,0,0,0,0,0
live.primis.tech,desconocido,0,0,0,0,0,0,0,0,0,0,0,0,0,0,0,0,2,1,0
load77.exelator.com,publicidad,0,0,0,0,0,0,0,0,0,0,2,1,0,0,0,0,0,0,0
loadus.exelator.com,publicidad,0,2,1,0,0,0,0,0,0,0,2,1,0,0,0,0,0,0,0
loc.yahoo.com,desconocido,1,0,0,0,0,0,0,0,0,0,0,0,0,0,0,0,2,1,0
log.go.com,rastreador,1,0,0,0,0,0,0,0,0,0,2,1,0,0,0,0,0,0,0
m.media-amazon.com,desconocido,1,2,1,0,0,0,0,0,0,0,0,0,0,0,0,0,0,0,0
match.360yield.com,publicidad,0,2,1,0,0,0,0,0,0,0,0,0,0,0,0,0,0,0,0
match.adsrvr.org,publicidad,0,0,0,0,0,0,0,0,0,0,2,1,0,0,0,0,4,1,0
match.deepintent.com,publicidad,0,0,0,0,0,0,0,0,0,0,2,1,0,0,0,0,2,1,0
match.prod.bidr.io,publicidad,0,0,0,0,0,0,0,0,0,0,2,1,0,0,0,0,2,1,0
match.sharethrough.com,publicidad,0,0,0,0,0,0,0,0,0,0,0,0,0,0,0,0,2,1,0
medianet-match.dotomi.com,publicidad,0,0,0,0,0,0,0,0,0,0,0,0,0,0,0,0,2,1,0
metalsfactory.com,desconocido,0,0,0,0,0,0,0,0,0,0,0,0,0,2,1,0,0,0,0
micro.rubiconproject.com,publicidad,0,0,0,0,0,0,0,0,0,0,0,0,0,2,1,0,0,0,0
mkttag.ebay.com,desconocido,1,0,0,0,0,0,0,2,1,0,0,0,0,0,0,0,0,0,0
mparticle.weather.com,desconocido,1,0,0,0,0,0,0,0,0,0,0,0,0,2,1,0,0,0,0
ms-cookie-sync.presage.io,desconocido,0,2,1,0,0,0,0,0,0,0,0,0,0,0,0,0,2,0,0
ncp-gw-frontpage.media.yahoo.com,desconocido,1,0,0,0,0,0,0,0,0,0,0,0,0,0,0,0,2,0,0
nexus-gateway-prod.media.yahoo.com,desconocido,1,0,0,0,0,0,0,0,0,0,0,0,0,0,0,0,2,1,0
noa.yahoo.com,rastreador,1,0,0,0,0,0,0,0,0,0,0,0,0,0,0,0,2,1,0
oa.openxcdn.net,desconocido,0,0,0,0,0,0,0,0,0,0,2,1,0,0,0,0,0,0,0
odr.mookie1.com,publicidad,0,2,1,0,0,0,0,0,0,0,0,0,0,0,0,0,0,0,0
ogads-pa.clients6.google.com,desconocido,0,0,0,0,0,0,0,2,1,0,2,1,0,2,1,0,2,1,0
onetag-sys.com,desconocido,0,0,0,0,0,0,0,0,0,0,0,0,0,0,0,0,2,1,0
opus.analytics.yahoo.com,rastreador,1,0,0,0,0,0,0,0,0,0,0,0,0,0,0,0,2,1,0
ortb.vdo.ai,desconocido,0,0,0,0,0,0,0,0,0,0,0,0,0,0,0,0,2,1,0
ow.pubmatic.com,publicidad,0,0,0,0,0,0,0,0,0,0,0,0,0,0,0,0,2,1,0
p.rfihub.com,desconocido,0,0,0,0,0,0,0,0,0,0,3,1,0,0,0,0,2,1,0
p1.parsely.com,publicidad,0,0,0,0,0,0,0,0,0,0,2,1,0,0,0,0,0,0,0
pagead2.googlesyndication.com,publicidad,0,0,0,0,0,0,0,0,0,0,4,1,0,2,1,0,4,1,0
pbd.yahoo.com,desconocido,1,0,0,0,0,0,0,0,0,0,0,0,0,0,0,0,2,1,0
pbs-cs.yellowblue.io,desconocido,0,0,0,0,0,0,0,0,0,0,0,0,0,0,0,0,2,1,0
pbs.yahoo.com,desconocido,1,2,1,0,0,0,0,0,0,0,0,0,0,0,0,0,4,1,0
pi.ispot.tv,rastreador,0,2,1,0,0,0,0,0,0,0,0,0,0,0,0,0,0,0,0
pinpoint.espn.com,desconocido,1,0,0,0,0,0,0,0,0,0,2,1,0,0,0,0,0,0,0
pippio.com,rastreador,0,0,0,0,0,0,0,0,0,0,2,1,0,0,0,0,2,1,0
pixel-config.reddit.com,desconocido,0,0,0,0,0,0,0,2,1,0,0,0,0,0,0,0,0,0,0
pixel-sync.sitescout.com,desconocido,0,0,0,0,0,0,0,0,0,0,3,1,0,0,0,0,2,1,0
pixel-us-east.rubiconproject.com,publicidad,0,0,0,0,0,0,0,0,0,0,0,0,0,0,0,0,2,1,0
pixel.onaudience.com,publicidad,0,0,0,0,0,0,0,0,0,0,2,1,0,0,0,0,2,1,0
pixel.rubiconproject.com,publicidad,0,2,1,0,0,0,0,0,0,0,2,1,0,0,0,0,2,1,0
pixel.tapad.com,publicidad,0,0,0,0,0,0,0,2,1,0,2,1,0,0,0,0,2,1,0
play.google.com,desconocido,0,0,0,0,0,0,0,2,0,0,2,0,0,2,0,0,4,1,0
pm-widget.taboola.com,publicidad,0,0,0,0,0,0,0,0,0,0,0,0,0,0,0,0,2,1,0
pmp.mxptint.net,publicidad,0,0,0,0,0,0,0,0,0,0,4,1,0,0,0,0,4,1,0
prebid-match.dotomi.com,publicidad,0,0,0,0,0,0,0,0,0,0,0,0,0,0,0,0,2,1,0
prebid-server.rubiconproject.com,publicidad,0,0,0,0,0,0,0,0,0,0,0,0,0,0,0,0,2,1,0
prebid.a-mo.net,desconocido,0,0,0,0,0,0,0,0,0,0,0,0,0,0,0,0,2,1,0
prebid.cootlogix.com,publicidad,0,0,0,0,0,0,0,0,0,0,0,0,0,0,0,0,3,1,0
prebid.media.net,publicidad,0,0,0,0,0,0,0,0,0,0,0,0,0,0,0,0,2,1,0
prism-tracking.pacvue.com,desconocido,0,0,0,0,0,0,0,0,0,0,0,0,0,0,0,0,4,1,0
public-prod-dspcookiematching.dmxleo.com,desconocido,0,2,1,0,0,0,0,0,0,0,0,0,0,0,0,0,0,0,0
pubmatic-match.dotomi.com,publicidad,0,0,0,0,0,0,0,0,0,0,2,1,0,0,0,0,2,1,0
px.ads.linkedin.com,publicidad,0,0,0,0,0,0,0,0,0,0,2,1,0,0,0,0,2,1,0
pxl.iqm.com,publicidad,0,0,0,0,0,0,0,0,0,0,0,0,0,0,0,0,2,1,0
rover.ebay.com,desconocido,1,0,0,0,0,0,0,2,1,0,0,0,0,0,0,0,0,0,0
rtb-csync.smartadserver.com,publicidad,0,2,1,0,0,0,0,0,0,0,2,1,0,0,0,0,5,1,0
rtb.adentifi.com,desconocido,0,0,0,0,0,0,0,0,0,0,2,1,0,0,0,0,2,1,0
rtb.mfadsrvr.com,publicidad,0,0,0,0,0,0,0,0,0,0,2,1,0,0,0,0,2,1,0
rtb.openx.net,publicidad,0,0,0,0,0,0,0,0,0,0,2,1,0,0,0,0,4,1,0
s.ad.smaato.net,desconocido,0,0,0,0,0,0,0,0,0,0,0,0,0,0,0,0,2,1,0
s.amazon-adsystem.com,publicidad,0,2,1,0,0,0,0,0,0,0,2,1,0,0,0,0,2,1,0
s.company-target.com,desconocido,0,0,0,0,0,0,0,0,0,0,4,1,0,0,0,0,3,1,0
s.pinimg.com,desconocido,0,0,0,0,0,0,0,2,1,0,0,0,0,0,0,0,0,0,0
s.seedtag.com,desconocido,0,0,0,0,0,0,0,0,0,0,0,0,0,0,0,0,4,1,0
s.tribalfusion.com,publicidad,0,0,0,0,0,0,0,0,0,0,2,1,0,0,0,0,2,1,0
s.w-x.co,desconocido,0,0,0,0,0,0,0,0,0,0,0,0,0,2,1,0,0,0,0
s.yimg.com,desconocido,1,0,0,0,0,0,0,0,0,0,0,0,0,0,0,0,2,1,0
s0.2mdn.net,publicidad,0,0,0,0,0,0,0,0,0,0,0,0,0,0,0,0,2,1,0
sb.scorecardresearch.com,publicidad,0,2,1,0,0,0,0,0,0,0,2,1,0,0,0,0,2,1,0
sc-static.net,rastreador,0,0,0,0,0,0,0,4,1,0,0,0,0,0,0,0,0,0,0
scripts.stay22.com,desconocido,0,0,0,0,0,0,0,0,0,0,0,0,0,2,1,0,0,0,0
secure-assets.rubiconproject.com,publicidad,0,0,0,0,0,0,0,0,0,0,0,0,0,0,0,0,2,1,0
secure-sdk.imrworldwide.com,rastreador,0,0,0,0,0,0,0,0,0,0,2,1,0,0,0,0,0,0,0
secure.adnxs.com,publicidad,0,0,0,0,0,0,0,0,0,0,0,0,0,0,0,0,6,1,0
secure.espn.com,desconocido,1,0,0,0,0,0,0,0,0,0,4,1,0,0,0,0,0,0,0
secure.espncdn.com,desconocido,1,0,0,0,0,0,0,0,0,0,2,1,0,0,0,0,0,0,0
secureir.ebaystatic.com,desconocido,1,0,0,0,0,0,0,2,0,0,0,0,0,0,0,0,0,0,0
securepubads.g.doubleclick.net,publicidad,0,0,0,0,0,0,0,0,0,0,2,1,0,2,1,0,4,1,0
sg.semasio.net,publicidad,0,0,0,0,0,0,0,0,0,0,2,1,0,0,0,0,2,1,0
sherlock-events-sampler.ebay.com,rastreador,1,0,0,0,0,0,0,2,1,0,0,0,0,0,0,0,0,0,0
simage2.pubmatic.com,desconocido,0,0,0,0,0,0,0,0,0,0,2,1,0,0,0,0,2,1,0
simage4.pubmatic.com,desconocido,0,0,0,0,0,0,0,0,0,0,2,1,0,0,0,0,2,1,0
site.api.espn.com,desconocido,1,0,0,0,0,0,0,0,0,0,2,1,0,0,0,0,0,0,0
sp.analytics.yahoo.com,rastreador,1,0,0,0,0,0,0,2,1,0,0,0,0,0,0,0,0,0,0
spl.zeotap.com,desconocido,0,2,1,0,0,0,0,0,0,0,0,0,0,0,0,0,0,0,0
ssbsync-global.smartadserver.com,publicidad,0,0,0,0,0,0,0,0,0,0,0,0,0,0,0,0,3,1,0
ssbsync.smartadserver.com,publicidad,0,0,0,0,0,0,0,0,0,0,0,0,0,0,0,0,3,1,0
ssc-cms.33across.com,publicidad,0,0,0,0,0,0,0,0,0,0,0,0,0,0,0,0,2,1,0
sslwidget.criteo.com,publicidad,0,0,0,0,0,0,0,2,1,0,0,0,0,0,0,0,0,0,0
ssp-sync.criteo.com,publicidad,0,0,0,0,0,0,0,0,0,0,0,0,0,0,0,0,4,1,0
ssp.disqus.com,desconocido,0,0,0,0,0,0,0,0,0,0,0,0,0,0,0,0,2,1,0
ssum-sec.casalemedia.com,publicidad,0,0,0,0,0,0,0,0,0,0,0,0,0,0,0,0,2,1,0
static.criteo.net,publicidad,0,0,0,0,0,0,0,0,0,0,2,1,0,0,0,0,0,0,0
static.qovani.com,rastreador,0,0,0,0,0,0,0,0,0,0,0,0,0,2,1,0,0,0,0
storage.googleapis.com,desconocido,0,0,0,0,0,0,0,0,0,0,0,0,0,0,0,0,2,1,0
svcs.ebay.com,desconocido,1,0,0,0,0,0,0,2,1,0,0,0,0,0,0,0,0,0,0
sw88.espn.com,rastreador,1,0,0,0,0,0,0,0,0,0,2,1,0,0,0,0,0,0,0
sync-amazon.ads.yieldmo.com,publicidad,0,2,1,0,0,0,0,0,0,0,0,0,0,0,0,0,0,0,0
sync-pm.ads.yieldmo.com,publicidad,0,0,0,0,0,0,0,0,0,0,0,0,0,0,0,0,2,1,0
sync-tm.everesttech.net,rastreador,0,0,0,0,0,0,0,0,0,0,2,1,0,0,0,0,2,1,0
sync.1rx.io,publicidad,0,0,0,0,0,0,0,0,0,0,0,0,0,0,0,0,2,1,0
sync.a-mo.net,desconocido,0,0,0,0,0,0,0,0,0,0,2,1,0,0,0,0,2,1,0
sync.adkernel.com,desconocido,0,0,0,0,0,0,0,0,0,0,0,0,0,0,0,0,2,1,0
sync.adtech.ink,desconocido,0,0,0,0,0,0,0,0,0,0,0,0,0,0,0,0,2,1,0
sync.aniview.com,publicidad,0,0,0,0,0,0,0,0,0,0,2,1,0,0,0,0,2,1,0
sync.colossusssp.com,desconocido,0,0,0,0,0,0,0,0,0,0,0,0,0,0,0,0,2,1,0
sync.cootlogix.com,publicidad,0,0,0,0,0,0,0,0,0,0,0,0,0,0,0,0,3,1,0
sync.crwdcntrl.net,rastreador,0,0,0,0,0,0,0,0,0,0,2,1,0,0,0,0,2,1,0
sync.drift-pixel.ai,desconocido,0,0,0,0,0,0,0,0,0,0,0,0,0,0,0,0,2,1,0
sync.go.sonobi.com,publicidad,0,0,0,0,0,0,0,0,0,0,0,0,0,0,0,0,2,1,0
sync.inmobi.com,publicidad,0,0,0,0,0,0,0,0,0,0,0,0,0,0,0,0,2,1,0
sync.ipredictive.com,publicidad,0,0,0,0,0,0,0,0,0,0,2,1,0,0,0,0,4,1,0
sync.iqzonertb.live,desconocido,0,0,0,0,0,0,0,0,0,0,4,1,0,0,0,0,2,1,0
sync.kueezrtb.com,publicidad,0,0,0,0,0,0,0,0,0,0,0,0,0,0,0,0,6,1,0
sync.mathtag.com,publicidad,0,0,0,0,0,0,0,0,0,0,2,1,0,0,0,0,2,1,0
sync.ottadvisors.com,desconocido,0,0,0,0,0,0,0,0,0,0,0,0,0,0,0,0,2,1,0
sync.p7cloud.net,rastreador,0,0,0,0,0,0,0,0,0,0,3,1,0,0,0,0,2,1,0
sync.programmaticx.ai,desconocido,0,0,0,0,0,0,0,0,0,0,0,0,0,0,0,0,2,1,0
sync.rbstsystems.live,desconocido,0,0,0,0,0,0,0,0,0,0,0,0,0,0,0,0,2,1,0
sync.resetdigital.co,desconocido,0,0,0,0,0,0,0,0,0,0,4,1,0,0,0,0,0,0,0
sync.rfp.fout.jp,desconocido,0,2,1,0,0,0,0,0,0,0,0,0,0,0,0,0,0,0,0
sync.richaudience.com,publicidad,0,0,0,0,0,0,0,0,0,0,0,0,0,0,0,0,2,1,0
sync.srv.stackadapt.com,publicidad,0,0,0,0,0,0,0,0,0,0,2,1,0,0,0,0,2,1,0
sync.taboola.com,publicidad,0,2,1,0,0,0,0,0,0,0,0,0,0,0,0,0,0,0,0
sync.targeting.unrulymedia.com,publicidad,0,0,0,0,0,0,0,0,0,0,0,0,0,0,0,0,2,1,0
sync.technoratimedia.com,desconocido,0,0,0,0,0,0,0,0,0,0,0,0,0,0,0,0,2,1,0
syncingbridge.com,rastreador,0,0,0,0,0,0,0,0,0,0,0,0,0,0,0,0,2,1,0
t.adx.opera.com,rastreador,0,0,0,0,0,0,0,0,0,0,2,1,0,0,0,0,4,1,0
t.oa.opera.com,desconocido,0,0,0,0,0,0,0,0,0,0,2,1,0,0,0,0,4,1,0
tags.crwdcntrl.net,rastreador,0,0,0,0,0,0,0,0,0,0,2,1,0,0,0,0,0,0,0
tags.tiqcdn.com,publicidad,0,0,0,0,0,0,0,2,1,0,0,0,0,0,0,0,0,0,0
tap.walmart.com,desconocido,1,0,0,0,3,0,0,0,0,0,0,0,0,0,0,0,0,0,0
thrtle.com,desconocido,0,0,0,0,0,0,0,0,0,0,2,1,0,0,0,0,0,0,0
tlx.3lift.com,publicidad,0,0,0,0,0,0,0,0,0,0,0,0,0,0,0,0,2,1,0
token.rubiconproject.com,publicidad,0,0,0,0,0,0,0,0,0,0,2,1,0,0,0,0,2,1,0
tpc.googlesyndication.com,publicidad,0,0,0,0,2,1,0,0,0,0,2,1,0,0,0,0,2,1,0
tr.blismedia.com,desconocido,0,0,0,0,0,0,0,0,0,0,2,1,0,0,0,0,4,1,0
tr.snapchat.com,rastreador,0,0,0,0,0,0,0,4,1,0,0,0,0,0,0,0,0,0,0
tr6.snapchat.com,rastreador,0,0,0,0,0,0,0,2,1,0,0,0,0,0,0,0,0,0,0
trace.mediago.io,desconocido,0,0,0,0,0,0,0,0,0,0,0,0,0,0,0,0,2,1,0
trace.us.rtbwise.com,desconocido,0,0,0,0,0,0,0,0,0,0,0,0,0,0,0,0,2,1,0
tracker.ads-tinyorbit.com,desconocido,0,0,0,0,0,0,0,0,0,0,0,0,0,0,0,0,2,1,0
tracker.exchange.amitydigital.io,desconocido,0,0,0,0,0,0,0,0,0,0,0,0,0,0,0,0,2,1,0
tracker.ssp.balance-x.com,desconocido,0,0,0,0,0,0,0,0,0,0,0,0,0,0,0,0,2,1,0
tracookiepixel.xyz,desconocido,0,0,0,0,0,0,0,0,0,0,2,1,0,0,0,0,2,1,0
trc.taboola.com,publicidad,0,0,0,0,0,0,0,0,0,0,0,0,0,2,1,0,2,1,0
triplelift-match.dotomi.com,publicidad,0,0,0,0,0,0,0,0,0,0,0,0,0,0,0,0,2,1,0
tsdtocl.com,desconocido,0,0,0,0,0,0,0,0,0,0,0,0,0,0,0,0,2,1,0
u.openx.net,publicidad,0,0,0,0,0,0,0,0,0,0,0,0,0,0,0,0,4,1,0
udc.yahoo.com,desconocido,1,0,0,0,0,0,0,0,0,0,0,0,0,0,0,0,2,1,0
uipglob.semasio.net,publicidad,0,2,1,0,0,0,0,0,0,0,2,1,0,0,0,0,4,1,0
um.simpli.fi,publicidad,0,0,0,0,0,0,0,0,0,0,2,1,0,0,0,0,2,1,0
ums.acuityplatform.com,publicidad,0,0,0,0,0,0,0,0,0,0,4,1,0,0,0,0,2,1,0
unagi-na.amazon.com,desconocido,1,2,1,0,0,0,0,0,0,0,0,0,0,0,0,0,0,0,0
unagi.amazon.com,desconocido,1,2,1,0,0,0,0,0,0,0,0,0,0,0,0,0,0,0,0
ups.analytics.yahoo.com,rastreador,1,0,0,0,0,0,0,0,0,0,4,1,0,0,0,0,4,1,0
us-east-1-cs-rtb.openwebmp.com,desconocido,0,0,0,0,0,0,0,0,0,0,0,0,0,0,0,0,2,1,0
us-east-sync.richaudience.com,publicidad,0,2,1,0,0,0,0,0,0,0,0,0,0,0,0,0,0,0,0
us-u.openx.net,publicidad,0,2,1,0,0,0,0,0,0,0,2,1,0,0,0,0,2,1,0
us4.shb-sync.com,desconocido,0,0,0,0,0,0,0,0,0,0,0,0,0,0,0,0,2,1,0
user-sync.fwmrm.net,desconocido,0,2,1,0,0,0,0,0,0,0,2,1,0,0,0,0,2,1,0
usermatch.krxd.net,rastreador,0,0,0,0,0,0,0,0,0,0,0,0,0,0,0,0,4,1,0
usersync.gumgum.com,desconocido,0,2,1,0,0,0,0,0,0,0,0,0,0,0,0,0,0,0,0
usersync.samplicio.us,desconocido,0,2,1,0,0,0,0,0,0,0,0,0,0,0,0,0,0,0,0
usr.undertone.com,publicidad,0,0,0,0,0,0,0,0,0,0,0,0,0,0,0,0,2,1,0
usw1-sync.a-mo.net,desconocido,0,0,0,0,0,0,0,0,0,0,0,0,0,0,0,0,2,1,0
usync.ingage.tech,desconocido,0,0,0,0,0,0,0,0,0,0,0,0,0,0,0,0,2,1,0
ut.pubmatic.com,desconocido,0,0,0,0,0,0,0,0,0,0,2,1,0,0,0,0,2,1,0
vision.fn-pz.com,rastreador,0,0,0,0,0,0,0,0,0,0,2,1,0,0,0,0,0,0,0
visitor-ow.omnitagjs.com,desconocido,0,0,0,0,0,0,0,0,0,0,0,0,0,0,0,0,2,1,0
visitor.omnitagjs.com,desconocido,0,0,0,0,0,0,0,0,0,0,0,0,0,0,0,0,2,1,0
vop.sundaysky.com,desconocido,0,0,0,0,0,0,0,0,0,0,0,0,0,0,0,0,2,1,0
weather-channel.solutions.cdn.optable.co,desconocido,0,0,0,0,0,0,0,0,0,0,0,0,0,2,1,0,0,0,0
weather.com,desconocido,1,0,0,0,0,0,0,0,0,0,0,0,0,2,1,0,0,0,0
wnsrvbjmeprtfrnfx.ay.delivery,publicidad,0,0,0,0,0,0,0,0,0,0,0,0,0,0,0,0,2,1,0
www.amazon.com,desconocido,1,2,1,0,0,0,0,0,0,0,0,0,0,0,0,0,0,0,0
www.ebay.com,desconocido,1,0,0,0,0,0,0,2,1,0,0,0,0,0,0,0,0,0,0
www.ebayadservices.com,desconocido,1,0,0,0,0,0,0,2,1,0,0,0,0,0,0,0,0,0,0
www.espn.com,desconocido,1,0,0,0,0,0,0,0,0,0,2,1,0,0,0,0,0,0,0
www.espn.com.co,desconocido,1,0,0,0,0,0,0,0,0,0,2,1,0,0,0,0,0,0,0
www.facebook.com,desconocido,0,0,0,0,0,0,0,2,1,0,2,0,0,0,0,0,0,0,0
www.google-analytics.com,publicidad,0,0,0,0,0,0,0,0,0,0,0,0,0,0,0,0,2,1,0
www.google.com,desconocido,0,2,0,0,2,0,0,4,1,0,6,1,0,2,0,0,4,1,0
www.google.com.co,desconocido,0,0,0,0,0,0,0,2,1,0,0,0,0,0,0,0,0,0,0
www.googletagmanager.com,rastreador,0,0,0,0,0,0,0,2,1,0,0,0,0,0,0,0,2,1,0
www.googletagservices.com,publicidad,0,0,0,0,0,0,0,0,0,0,2,1,0,0,0,0,0,0,0
www.gstatic.com,desconocido,0,4,0,0,4,1,0,4,1,0,6,1,0,4,1,0,4,1,0
www.imdb.com,desconocido,1,2,1,0,0,0,0,0,0,0,0,0,0,0,0,0,0,0,0
www.redditstatic.com,desconocido,0,0,0,0,0,0,0,2,1,0,0,0,0,0,0,0,0,0,0
www.stay22.com,desconocido,0,0,0,0,0,0,0,0,0,0,0,0,0,2,1,0,0,0,0
www.temu.com,desconocido,0,0,0,0,0,0,0,0,0,0,2,1,0,0,0,0,4,1,0
www.walmart.com,desconocido,1,0,0,0,2,1,0,0,0,0,0,0,0,0,0,0,0,0,0
www.yahoo.com,desconocido,1,0,0,0,0,0,0,0,0,0,0,0,0,0,0,0,2,1,0
x.bidswitch.net,rastreador,0,2,1,0,0,0,0,0,0,0,2,1,0,0,0,0,4,1,0
xldkarcms3sj7lmvonoazt3rz1q541789662819.nuid.imrworldwide.com,rastreador,0,0,0,0,0,0,0,0,0,0,2,1,0,0,0,0,0,0,0
yahoo-bidout-d.openx.net,publicidad,0,0,0,0,0,0,0,0,0,0,0,0,0,0,0,0,4,1,0
