nombre,categoria,propio_de_fabricante,consultas_cnn,pedido_por_paginas_cnn,bloqueado_por_cnn,consultas_nytimes,pedido_por_paginas_nytimes,bloqueado_por_nytimes,consultas_foxnews,pedido_por_paginas_foxnews,bloqueado_por_foxnews,consultas_washingtonpost,pedido_por_paginas_washingtonpost,bloqueado_por_washingtonpost,consultas_usatoday,pedido_por_paginas_usatoday,bloqueado_por_usatoday,consultas_wsj,pedido_por_paginas_wsj,bloqueado_por_wsj
0cf17917-395b-4f25-91cc-db3bdd6044b0.edge.permutive.app,rastreador,0,0,0,0,0,0,0,0,0,0,0,0,0,0,0,0,2,1,0
0cf17917-395b-4f25-91cc-db3bdd6044b0.prmutv.co,desconocido,0,0,0,0,0,0,0,0,0,0,0,0,0,0,0,0,2,1,0
13961696.fls.doubleclick.net,publicidad,0,0,0,0,0,0,0,0,0,0,0,0,0,0,0,0,2,1,0
1c7ab5833af717852a339d16015613c4.safeframe.googlesyndication.com,publicidad,0,0,0,0,0,0,0,0,0,0,0,0,0,0,0,0,2,1,0
1e816d88bc26bb9c709e2997141d151e.safeframe.googlesyndication.com,publicidad,0,0,0,0,0,0,0,2,1,0,0,0,0,0,0,0,0,0,0
5290727.fls.doubleclick.net,publicidad,0,0,0,0,2,1,0,0,0,0,0,0,0,0,0,0,0,0,0
5f1f2661-22d4-401c-9c10-4d7647fb6edc.edge.permutive.app,rastreador,0,0,0,0,0,0,0,0,0,0,2,1,0,0,0,0,0,0,0
69542dbef155c3678eaa962758c03a9c.safeframe.googlesyndication.com,publicidad,0,0,0,0,0,0,0,0,0,0,0,0,0,2,1,0,0,0,0
8d76cc8ba799a34cd7e89fa0b6e49616.safeframe.googlesyndication.com,publicidad,0,0,0,0,2,1,0,0,0,0,0,0,0,0,0,0,0,0,0
a.amxrtb.com,desconocido,0,0,0,0,0,0,0,0,0,0,2,1,0,2,1,0,0,0,0
a.et.nytimes.com,rastreador,1,0,0,0,4,1,0,0,0,0,0,0,0,0,0,0,0,0,0
a.nytimes.com,desconocido,1,0,0,0,2,1,0,0,0,0,0,0,0,0,0,0,0,0,0
a.sportradarserving.com,desconocido,0,0,0,0,0,0,0,0,0,0,2,1,0,2,1,0,0,0,0
a.teads.tv,publicidad,0,0,0,0,0,0,0,2,1,0,2,1,0,2,1,0,2,1,0
a.tribalfusion.com,publicidad,0,0,0,0,0,0,0,2,1,0,4,1,0,2,1,0,0,0,0
a1.nyt.com,desconocido,1,0,0,0,2,1,0,0,0,0,0,0,0,0,0,0,0,0,0
a57.foxnews.com,desconocido,1,0,0,0,0,0,0,2,1,0,0,0,0,0,0,0,0,0,0
a5728063363743744.cdn.optimizely.com,publicidad,0,0,0,0,0,0,0,2,1,0,0,0,0,0,0,0,0,0,0
aa.agkn.com,rastreador,0,0,0,0,2,1,0,6,1,0,4,1,0,2,1,0,0,0,0
aax-eu.amazon-adsystem.com,publicidad,0,0,0,0,0,0,0,2,1,0,2,1,0,2,1,0,2,1,0
aax.amazon-adsystem.com,publicidad,0,0,0,0,0,0,0,2,0,0,2,0,0,2,0,0,2,1,0
accounts.google.com,desconocido,0,4,1,0,4,1,0,2,0,0,4,1,0,2,0,0,2,0,0
acdn.adnxs.com,publicidad,0,0,0,0,0,0,0,2,1,0,0,0,0,0,0,0,0,0,0
ad.360yield.com,publicidad,0,0,0,0,0,0,0,2,1,0,2,1,0,2,1,0,0,0,0
ad.doubleclick.net,publicidad,0,0,0,0,2,1,0,0,0,0,2,0,0,4,1,0,2,1,0
ad.impactify.media,desconocido,0,0,0,0,0,0,0,0,0,0,2,1,0,2,1,0,0,0,0
ad.turn.com,publicidad,0,0,0,0,2,1,0,2,1,0,4,1,0,4,1,0,4,1,0
ade.clmbtech.com,publicidad,0,0,0,0,0,0,0,2,1,0,0,0,0,0,0,0,0,0,0
ade.googlesyndication.com,rastreador,0,0,0,0,0,0,0,0,0,0,0,0,0,2,1,0,0,0,0
ads.avads.net,rastreador,0,0,0,0,0,0,0,0,0,0,0,0,0,2,1,0,0,0,0
ads.betweendigital.com,desconocido,0,0,0,0,0,0,0,0,0,0,2,1,0,0,0,0,0,0,0
ads.creative-serving.com,publicidad,0,0,0,0,0,0,0,0,0,0,2,1,0,2,1,0,0,0,0
ads.pubmatic.com,publicidad,0,0,0,0,2,1,0,2,1,0,4,1,0,2,1,0,0,0,0
ads.scorecardresearch.com,publicidad,0,0,0,0,0,0,0,0,0,0,0,0,0,2,1,0,0,0,0
ads.servenobid.com,desconocido,0,0,0,0,0,0,0,0,0,0,2,1,0,2,1,0,0,0,0
ads.yieldmo.com,publicidad,0,0,0,0,0,0,0,0,0,0,4,1,0,2,1,0,0,0,0
ads250.adtelligent.com,desconocido,0,0,0,0,0,0,0,0,0,0,2,1,0,2,1,0,0,0,0
adservice.google.com,publicidad,0,0,0,0,2,1,0,0,0,0,0,0,0,2,0,0,2,1,0
adx01.groovinads.com,desconocido,0,0,0,0,0,0,0,0,0,0,0,0,0,2,1,0,0,0,0
alb.reddit.com,rastreador,0,0,0,0,0,0,0,0,0,0,0,0,0,0,0,0,2,1,0
als-svc.nytimes.com,rastreador,1,0,0,0,2,1,0,0,0,0,0,0,0,0,0,0,0,0,0
amplify.outbrain.com,publicidad,0,0,0,0,0,0,0,0,0,0,0,0,0,0,0,0,2,1,0
analytics.google.com,publicidad,0,0,0,0,0,0,0,0,0,0,2,1,0,0,0,0,2,1,0
analytics.twitter.com,desconocido,0,0,0,0,0,0,0,0,0,0,0,0,0,0,0,0,2,1,0
aorta.clickagy.com,desconocido,0,0,0,0,0,0,0,0,0,0,0,0,0,2,1,0,0,0,0
ap.lijit.com,publicidad,0,0,0,0,0,0,0,0,0,0,4,1,0,2,1,0,0,0,0
api-js.datadome.co,desconocido,0,0,0,0,0,0,0,0,0,0,0,0,0,0,0,0,2,1,0
api-js.mixpanel.com,rastreador,0,0,0,0,0,0,0,0,0,0,0,0,0,2,1,0,0,0,0
api-ssp.spot.im,desconocido,0,0,0,0,0,0,0,0,0,0,2,1,0,2,1,0,0,0,0
api-taboola.com,desconocido,0,0,0,0,0,0,0,0,0,0,0,0,0,2,1,0,0,0,0
api.permutive.com,publicidad,0,0,0,0,0,0,0,0,0,0,2,1,0,0,0,0,2,1,0
api.rlcdn.com,publicidad,0,0,0,0,0,0,0,2,1,0,2,1,0,0,0,0,2,1,0
api.strike.fox,desconocido,0,0,0,0,0,0,0,2,1,0,0,0,0,0,0,0,0,0,0
api.wsj.net,desconocido,1,0,0,0,0,0,0,0,0,0,0,0,0,0,0,0,2,1,0
assets.foxnews.com,desconocido,1,0,0,0,0,0,0,2,1,0,0,0,0,0,0,0,0,0,0
ats-wrapper.privacymanager.io,desconocido,0,0,0,0,0,0,0,0,0,0,0,0,0,0,0,0,2,1,0
b1sync.outbrain.com,publicidad,0,0,0,0,0,0,0,2,1,0,2,1,0,2,1,0,0,0,0
b1sync.zemanta.com,publicidad,0,0,0,0,0,0,0,0,0,0,0,0,0,2,1,0,0,0,0
bam.nr-data.net,publicidad,0,0,0,0,0,0,0,0,0,0,0,0,0,0,0,0,2,1,0
bat.bing.com,rastreador,0,0,0,0,0,0,0,2,1,0,0,0,0,0,0,0,2,1,0
bcp.crwdcntrl.net,rastreador,0,0,0,0,0,0,0,0,0,0,2,1,0,0,0,0,0,0,0
beachfront-match.dotomi.com,publicidad,0,0,0,0,0,0,0,0,0,0,2,1,0,2,1,0,0,0,0
beacon.lynx.cognitivlabs.com,desconocido,0,0,0,0,0,0,0,4,1,0,3,1,0,2,1,0,2,1,0
beacon.taboola.com,publicidad,0,0,0,0,0,0,0,2,1,0,0,0,0,0,0,0,0,0,0
beacons-wbd.mediamelon.com,desconocido,0,2,1,0,0,0,0,0,0,0,0,0,0,0,0,0,0,0,0
bh.contextweb.com,publicidad,0,0,0,0,2,1,0,0,0,0,2,1,0,4,1,0,0,0,0
bidder.criteo.com,publicidad,0,0,0,0,0,0,0,2,1,0,2,0,0,2,0,0,0,0,0
bpi.rtactivate.com,rastreador,0,0,0,0,0,0,0,0,0,0,0,0,0,2,1,0,0,0,0
bttrack.com,publicidad,0,0,0,0,0,0,0,0,0,0,2,1,0,2,1,0,0,0,0
busy.any-latam.prd.api.bolt.cnn.com,desconocido,1,2,1,0,0,0,0,0,0,0,0,0,0,0,0,0,0,0,0
c.amazon-adsystem.com,publicidad,0,0,0,0,2,1,0,2,1,0,2,1,0,2,1,0,2,1,0
c.bing.com,desconocido,0,0,0,0,0,0,0,2,1,0,0,0,0,2,1,0,2,1,0
c.go-mpulse.net,rastreador,0,0,0,0,0,0,0,0,0,0,2,1,0,0,0,0,0,0,0
c1.adform.net,publicidad,0,0,0,0,2,1,0,2,1,0,2,1,0,2,1,0,0,0,0
c2shb.pubgw.yahoo.com,desconocido,0,0,0,0,0,0,0,2,1,0,0,0,0,0,0,0,0,0,0
ca9508d3fd20b40b3acf707698f1737b.safeframe.googlesyndication.com,publicidad,0,0,0,0,0,0,0,0,0,0,2,1,0,0,0,0,0,0,0
capi.connatix.com,rastreador,0,0,0,0,0,0,0,0,0,0,0,0,0,2,1,0,0,0,0
casale-match.dotomi.com,publicidad,0,0,0,0,2,1,0,0,0,0,0,0,0,0,0,0,0,0,0
cdn-gl.imrworldwide.com,rastreador,0,0,0,0,0,0,0,4,1,0,0,0,0,0,0,0,2,1,0
cdn-media.brightline.tv,desconocido,0,2,1,0,0,0,0,0,0,0,0,0,0,0,0,0,0,0,0
cdn.ampproject.org,desconocido,0,0,0,0,0,0,0,2,1,0,0,0,0,2,1,0,0,0,0
cdn.brandmetrics.com,desconocido,0,0,0,0,2,1,0,0,0,0,2,1,0,2,1,0,2,1,0
cdn.confiant-integrations.net,rastreador,0,0,0,0,0,0,0,2,1,0,2,1,0,4,1,0,0,0,0
cdn.cxense.com,rastreador,0,0,0,0,0,0,0,0,0,0,0,0,0,0,0,0,2,1,0
cdn.doubleverify.com,publicidad,0,0,0,0,2,1,0,0,0,0,2,1,0,0,0,0,2,1,0
cdn.id5-sync.com,publicidad,0,0,0,0,0,0,0,0,0,0,2,1,0,0,0,0,0,0,0
cdn.indexww.com,publicidad,0,0,0,0,0,0,0,2,1,0,2,1,0,0,0,0,0,0,0
cdn.ketchjs.com,desconocido,0,0,0,0,0,0,0,2,1,0,0,0,0,0,0,0,0,0,0
cdn.mgaru.dev,desconocido,0,0,0,0,0,0,0,0,0,0,2,1,0,0,0,0,0,0,0
cdn.ml314.com,publicidad,0,0,0,0,0,0,0,0,0,0,2,1,0,0,0,0,0,0,0
cdn.mxpnl.com,desconocido,0,0,0,0,0,0,0,0,0,0,0,0,0,2,1,0,0,0,0
cdn.optimizely.com,publicidad,0,2,1,0,0,0,0,2,1,0,0,0,0,0,0,0,0,0,0
cdn.parsely.com,publicidad,0,0,0,0,0,0,0,0,0,0,0,0,0,0,0,0,2,1,0
cdn.permutive.app,rastreador,0,0,0,0,0,0,0,0,0,0,0,0,0,0,0,0,2,1,0
cdn.permutive.com,publicidad,0,0,0,0,0,0,0,0,0,0,2,1,0,0,0,0,2,1,0
cdn.privacy-mgmt.com,desconocido,0,0,0,0,0,0,0,0,0,0,0,0,0,0,0,0,2,1,0
cdn.segment.com,publicidad,0,0,0,0,0,0,0,2,1,0,0,0,0,0,0,0,0,0,0
cdn.taboola.com,publicidad,0,0,0,0,0,0,0,2,1,0,0,0,0,6,1,0,0,0,0
cdn.tinypass.com,desconocido,0,0,0,0,0,0,0,0,0,0,0,0,0,0,0,0,2,1,0
cdn.undertone.com,publicidad,0,0,0,0,0,0,0,0,0,0,0,0,0,2,1,0,0,0,0
cdnjs.cloudflare.com,desconocido,0,0,0,0,0,0,0,0,0,0,0,0,0,0,0,0,2,1,0
cds.taboola.com,publicidad,0,0,0,0,0,0,0,2,1,0,0,0,0,4,1,0,0,0,0
ce.lijit.com,publicidad,0,0,0,0,0,0,0,2,1,0,2,1,0,2,1,0,2,1,0
ced-ns.sascdn.com,desconocido,0,0,0,0,0,0,0,0,0,0,2,1,0,2,1,0,0,0,0
ch-trc-events.taboola.com,publicidad,0,0,0,0,0,0,0,0,0,0,0,0,0,2,1,0,0,0,0
check.analytics.rlcdn.com,publicidad,0,0,0,0,0,0,0,2,1,0,0,0,0,0,0,0,2,1,0
client.aps.amazon-adsystem.com,publicidad,0,0,0,0,0,0,0,2,1,0,0,0,0,2,1,0,2,1,0
cm-mx.advolve.io,desconocido,0,0,0,0,0,0,0,2,1,0,2,1,0,3,1,0,0,0,0
cm-supply-web.gammaplatform.com,desconocido,0,0,0,0,0,0,0,2,1,0,0,0,0,0,0,0,0,0,0
cm.adform.net,publicidad,0,0,0,0,0,0,0,0,0,0,4,1,0,3,1,0,0,0,0
cm.adgrx.com,desconocido,0,0,0,0,0,0,0,2,1,0,2,1,0,2,1,0,0,0,0
cm.anyrtb.com,desconocido,0,0,0,0,0,0,0,0,0,0,0,0,0,2,1,0,0,0,0
cm.ctnsnet.com,desconocido,0,0,0,0,0,0,0,0,0,0,2,1,0,2,1,0,0,0,0
cm.everesttech.net,rastreador,0,0,0,0,0,0,0,0,0,0,0,0,0,0,0,0,2,1,0
cm.g.doubleclick.net,publicidad,0,0,0,0,2,1,0,4,1,0,4,1,0,4,1,0,4,1,0
cm.mgid.com,publicidad,0,0,0,0,0,0,0,2,1,0,2,1,0,2,1,0,0,0,0
cms-xch-chicago.33across.com,publicidad,0,0,0,0,0,0,0,0,0,0,2,1,0,2,1,0,0,0,0
cms.analytics.yahoo.com,rastreador,0,0,0,0,2,1,0,0,0,0,0,0,0,2,1,0,0,0,0
cms.quantserve.com,publicidad,0,0,0,0,0,0,0,2,1,0,4,1,0,2,1,0,0,0,0
code.createjs.com,desconocido,0,0,0,0,0,0,0,0,0,0,0,0,0,2,1,0,0,0,0
collector.brandmetrics.com,desconocido,0,0,0,0,2,1,0,0,0,0,2,0,0,2,1,0,2,1,0
comcluster.cxense.com,rastreador,0,0,0,0,0,0,0,0,0,0,0,0,0,0,0,0,2,1,0
config.aps.amazon-adsystem.com,publicidad,0,0,0,0,2,1,0,2,1,0,2,1,0,2,1,0,2,1,0
configs.knotch.com,desconocido,0,0,0,0,0,0,0,2,1,0,0,0,0,0,0,0,0,0,0
connect.facebook.net,desconocido,0,0,0,0,0,0,0,0,0,0,0,0,0,0,0,0,2,1,0
connectid.analytics.yahoo.com,rastreador,0,0,0,0,0,0,0,0,0,0,2,1,0,2,1,0,0,0,0
contextual.media.net,publicidad,0,0,0,0,2,1,0,0,0,0,0,0,0,2,1,0,0,0,0
contributor.google.com,desconocido,0,0,0,0,0,0,0,2,1,0,0,0,0,0,0,0,0,0,0
cookies-data.onetrust.io,desconocido,0,2,1,0,0,0,0,0,0,0,0,0,0,0,0,0,0,0,0
cookies.nextmillmedia.com,desconocido,0,0,0,0,0,0,0,0,0,0,0,0,0,2,1,0,0,0,0
core.iprom.net,desconocido,0,0,0,0,0,0,0,0,0,0,2,1,0,2,1,0,0,0,0
cpm.chocolateplatform.com,desconocido,0,0,0,0,0,0,0,0,0,0,0,0,0,2,1,0,0,0,0
cpm.vistarsagency.com,desconocido,0,0,0,0,0,0,0,0,0,0,2,1,0,2,1,0,0,0,0
crb.kargo.com,publicidad,0,0,0,0,2,1,0,0,0,0,2,1,0,4,1,0,2,1,0
creativecdn.com,desconocido,0,0,0,0,2,1,0,4,1,0,3,1,0,2,1,0,0,0,0
criteo-partners.tremorhub.com,publicidad,0,0,0,0,0,0,0,2,1,0,0,0,0,0,0,0,0,0,0
criteo-sync.teads.tv,publicidad,0,0,0,0,0,0,0,2,1,0,0,0,0,0,0,0,0,0,0
cs-ob.yellowblue.io,desconocido,0,0,0,0,0,0,0,0,0,0,0,0,0,2,1,0,0,0,0
cs-rtb.minutemedia-prebid.com,desconocido,0,0,0,0,0,0,0,0,0,0,0,0,0,2,1,0,0,0,0
cs-server-s2s.yellowblue.io,desconocido,0,0,0,0,0,0,0,0,0,0,2,1,0,2,1,0,0,0,0
cs.admanmedia.com,publicidad,0,0,0,0,0,0,0,0,0,0,2,1,0,4,1,0,2,1,0
cs.ingage.tech,desconocido,0,0,0,0,0,0,0,0,0,0,0,0,0,2,1,0,0,0,0
cs.iqzone.com,desconocido,0,0,0,0,0,0,0,0,0,0,0,0,0,13,1,0,0,0,0
cs.krushmedia.com,desconocido,0,0,0,0,0,0,0,2,1,0,2,1,0,2,1,0,0,0,0
cs.lkqd.net,desconocido,0,0,0,0,0,0,0,0,0,0,5,1,0,12,1,0,0,0,0
cs.loudecho.ai,desconocido,0,0,0,0,0,0,0,2,1,0,2,1,0,2,1,0,0,0,0
cs.media.net,rastreador,0,0,0,0,2,1,0,2,1,0,4,1,0,2,1,0,0,0,0
cs.minutemedia-prebid.com,desconocido,0,0,0,0,0,0,0,0,0,0,0,0,0,2,1,0,0,0,0
cs.openwebmp.com,desconocido,0,0,0,0,0,0,0,0,0,0,2,1,0,2,1,0,0,0,0
cs.playdigo.com,desconocido,0,0,0,0,0,0,0,0,0,0,0,0,0,2,1,0,0,0,0
cs.seedtag.com,desconocido,0,0,0,0,0,0,0,0,0,0,2,1,0,2,1,0,0,0,0
csi.gstatic.com,rastreador,0,0,0,0,0,0,0,2,1,0,2,1,0,2,1,0,0,0,0
csp.withgoogle.com,desconocido,0,0,0,0,0,0,0,0,0,0,0,0,0,0,0,0,2,1,0
csync-global.smartadserver.com,publicidad,0,0,0,0,0,0,0,0,0,0,0,0,0,2,1,0,0,0,0
csync-us.smartadserver.com,publicidad,0,0,0,0,0,0,0,0,0,0,0,0,0,2,1,0,0,0,0
csync.copper6.com,desconocido,0,0,0,0,0,0,0,0,0,0,0,0,0,2,1,0,0,0,0
csync.loopme.me,desconocido,0,0,0,0,0,0,0,2,1,0,4,1,0,2,1,0,0,0,0
csync.smartadserver.com,publicidad,0,0,0,0,0,0,0,0,0,0,2,1,0,2,1,0,0,0,0
csync.smilewanted.com,publicidad,0,0,0,0,0,0,0,0,0,0,2,1,0,2,1,0,0,0,0
ct.pinterest.com,rastreador,0,0,0,0,0,0,0,0,0,0,0,0,0,0,0,0,4,1,0
d.adroll.com,publicidad,0,0,0,0,2,1,0,0,0,0,2,1,0,2,1,0,0,0,0
d5p.de17a.com,publicidad,0,0,0,0,0,0,0,0,0,0,2,1,0,2,1,0,0,0,0
data.adsrvr.org,publicidad,0,0,0,0,0,0,0,0,0,0,2,1,0,2,1,0,0,0,0
data.dianomi.com,publicidad,0,0,0,0,0,0,0,0,0,0,0,0,0,0,0,0,2,1,0
dd.nytimes.com,rastreador,1,0,0,0,2,1,0,0,0,0,0,0,0,0,0,0,0,0,0
de.tynt.com,publicidad,0,0,0,0,0,0,0,0,0,0,2,1,0,2,1,0,0,0,0
deeperdive.ai,desconocido,0,0,0,0,0,0,0,0,0,0,0,0,0,2,1,0,0,0,0
default.any-any.prd.api.bolt.cnn.com,desconocido,1,2,1,0,0,0,0,0,0,0,0,0,0,0,0,0,0,0,0
dfprfbczdegkpv3ppnnvcxn3cbod71789662368.nuid.imrworldwide.com,rastreador,0,0,0,0,0,0,0,2,1,0,0,0,0,0,0,0,0,0,0
direct.adsrvr.org,publicidad,0,0,0,0,0,0,0,2,1,0,2,1,0,0,0,0,2,1,0
dis.criteo.com,publicidad,0,0,0,0,2,1,0,4,1,0,2,1,0,2,1,0,2,1,0
display.bidder.taboola.com,publicidad,0,0,0,0,0,0,0,0,0,0,0,0,0,4,1,0,0,0,0
dm-us.hybrid.ai,desconocido,0,0,0,0,0,0,0,0,0,0,0,0,0,2,1,0,0,0,0
dmp.brand-display.com,publicidad,0,0,0,0,0,0,0,0,0,0,0,0,0,2,1,0,0,0,0
dmp.im-apps.net,desconocido,0,0,0,0,0,0,0,0,0,0,2,1,0,0,0,0,0,0,0
dowjones-d.openx.net,publicidad,0,0,0,0,0,0,0,0,0,0,0,0,0,0,0,0,2,1,0
dowjones.demdex.net,rastreador,0,0,0,0,0,0,0,0,0,0,0,0,0,0,0,0,2,1,0
dp1.33across.com,publicidad,0,0,0,0,0,0,0,0,0,0,2,1,0,2,1,0,0,0,0
dpm.demdex.net,rastreador,0,0,0,0,2,1,0,4,1,0,4,1,0,2,1,0,2,1,0
dsp-2.presage.io,desconocido,0,0,0,0,0,0,0,2,1,0,2,1,0,0,0,0,0,0,0
dsp-cookie.adfarm1.adition.com,publicidad,0,0,0,0,0,0,0,0,0,0,2,1,0,2,1,0,0,0,0
dsp-service.admatic.de,desconocido,0,0,0,0,0,0,0,0,0,0,0,0,0,2,1,0,0,0,0
dsp-service.adtarget.biz,desconocido,0,0,0,0,0,0,0,0,0,0,2,1,0,2,1,0,0,0,0
dsp-service.monetixads.com,desconocido,0,0,0,0,0,0,0,0,0,0,0,0,0,2,1,0,0,0,0
dsp.360yield.com,publicidad,0,0,0,0,0,0,0,0,0,0,2,1,0,2,1,0,0,0,0
dsp.adkernel.com,desconocido,0,0,0,0,0,0,0,2,1,0,2,1,0,2,1,0,0,0,0
dsp.nrich.ai,desconocido,0,0,0,0,0,0,0,0,0,0,2,1,0,2,1,0,0,0,0
dsum-sec.casalemedia.com,publicidad,0,0,0,0,2,1,0,2,1,0,4,1,0,2,1,0,2,1,0
dsum.casalemedia.com,publicidad,0,0,0,0,2,1,0,0,0,0,4,1,0,2,1,0,0,0,0
dt.adsafeprotected.com,publicidad,0,0,0,0,0,0,0,0,0,0,3,1,0,3,1,0,3,1,0
eb2.3lift.com,publicidad,0,0,0,0,2,1,0,4,1,0,4,1,0,2,1,0,2,1,0
edition.cnn.com,desconocido,1,2,1,0,0,0,0,0,0,0,0,0,0,0,0,0,0,0,0
eg.nytimes.com,desconocido,1,0,0,0,2,1,0,0,0,0,0,0,0,0,0,0,0,0,0
elb.the-ozone-project.com,publicidad,0,0,0,0,0,0,0,0,0,0,4,1,0,2,1,0,2,1,0
ep1.adtrafficquality.google,desconocido,0,0,0,0,2,1,0,2,1,0,2,1,0,2,1,0,2,1,0
ep2.adtrafficquality.google,desconocido,0,0,0,0,4,1,0,4,1,0,4,1,0,2,1,0,4,1,0
eqt-gc.rendering.sharethrough.com,publicidad,0,0,0,0,0,0,0,0,0,0,0,0,0,2,1,0,0,0,0
equativ-match.dotomi.com,publicidad,0,0,0,0,0,0,0,0,0,0,0,0,0,2,1,0,0,0,0
eu-u.openx.net,publicidad,0,0,0,0,0,0,0,0,0,0,2,1,0,2,1,0,0,0,0
eus.rubiconproject.com,publicidad,0,0,0,0,0,0,0,2,1,0,2,1,0,2,1,0,2,1,0
event.clientgear.com,publicidad,0,0,0,0,0,0,0,0,0,0,0,0,0,2,1,0,0,0,0
events.brightline.tv,rastreador,0,2,1,0,0,0,0,0,0,0,0,0,0,0,0,0,0,0,0
evt.undertone.com,publicidad,0,0,0,0,0,0,0,0,0,0,0,0,0,2,1,0,0,0,0
exbd.ex.co,desconocido,0,0,0,0,0,0,0,0,0,0,0,0,0,2,1,0,0,0,0
exchange.appnerve.net,desconocido,0,0,0,0,0,0,0,0,0,0,2,1,0,2,1,0,0,0,0
exchange.postrelease.com,publicidad,0,0,0,0,0,0,0,0,0,0,2,1,0,0,0,0,0,0,0
fastlane.rubiconproject.com,publicidad,0,0,0,0,0,0,0,2,1,0,2,1,0,0,0,0,2,1,0
fave.api.cnn.io,desconocido,1,2,1,0,0,0,0,0,0,0,0,0,0,0,0,0,0,0,0
fei.pro-market.net,publicidad,0,0,0,0,0,0,0,0,0,0,0,0,0,2,1,0,0,0,0
fly.latam-free.prd.media.cnn.com,desconocido,1,2,1,0,0,0,0,0,0,0,0,0,0,0,0,0,0,0,0
fly.live.cnn.latam.prd.media.max.com,desconocido,0,2,1,0,0,0,0,0,0,0,0,0,0,0,0,0,0,0,0
fonts.googleapis.com,desconocido,0,2,1,0,2,1,0,2,1,0,2,1,0,2,1,0,2,1,0
fonts.gstatic.com,desconocido,0,2,0,0,2,0,0,2,1,0,4,1,0,2,0,0,4,1,0
foryou-flex.washingtonpost.com,desconocido,1,0,0,0,0,0,0,0,0,0,2,0,0,0,0,0,0,0,0
foxnews-d.openx.net,publicidad,0,0,0,0,0,0,0,4,1,0,0,0,0,0,0,0,0,0,0
frontdoor.knotch.it,desconocido,0,0,0,0,0,0,0,2,1,0,0,0,0,0,0,0,0,0,0
fundingchoicesmessages.google.com,desconocido,0,0,0,0,0,0,0,2,1,0,0,0,0,0,0,0,0,0,0
g.3gl.net,rastreador,0,0,0,0,0,0,0,0,0,0,2,1,0,0,0,0,0,0,0
g1.nyt.com,desconocido,1,0,0,0,2,1,0,0,0,0,0,0,0,0,0,0,0,0,0
gamma-api.polymarket.com,desconocido,0,0,0,0,0,0,0,0,0,0,0,0,0,0,0,0,2,1,0
geo.privacymanager.io,desconocido,0,0,0,0,2,1,0,0,0,0,0,0,0,0,0,0,2,1,0
global.ketchcdn.com,desconocido,0,0,0,0,0,0,0,2,1,0,0,0,0,0,0,0,0,0,0
gmss.use1.prd.api.discomax.com,desconocido,0,2,1,0,0,0,0,0,0,0,0,0,0,0,0,0,0,0,0
go.mediagotechnology.com,desconocido,0,0,0,0,0,0,0,0,0,0,0,0,0,2,1,0,0,0,0
gocm.c.appier.net,desconocido,0,0,0,0,0,0,0,0,0,0,2,1,0,2,1,0,0,0,0
google-bidout-d.openx.net,publicidad,0,0,0,0,0,0,0,0,0,0,2,1,0,0,0,0,2,1,0
googleads.g.doubleclick.net,publicidad,0,0,0,0,0,0,0,2,1,0,0,0,0,4,1,0,2,1,0
googleads4.g.doubleclick.net,publicidad,0,0,0,0,0,0,0,0,0,0,0,0,0,2,1,0,0,0,0
grid-bidder.criteo.com,publicidad,0,0,0,0,0,0,0,0,0,0,0,0,0,2,1,0,2,1,0
gum.criteo.com,publicidad,0,0,0,0,0,0,0,4,1,0,2,1,0,4,1,0,2,1,0
gw-iad-bid.ymmobi.com,desconocido,0,0,0,0,0,0,0,0,0,0,0,0,0,2,1,0,2,1,0
gw.geoedge.be,rastreador,0,0,0,0,0,0,0,0,0,0,2,1,0,0,0,0,0,0,0
hb.trustedstack.com,desconocido,0,0,0,0,0,0,0,0,0,0,2,1,0,2,1,0,0,0,0
hbopenbid.pubmatic.com,publicidad,0,0,0,0,0,0,0,2,1,0,2,1,0,0,0,0,0,0,0
hbx.media.net,publicidad,0,0,0,0,2,1,0,0,0,0,2,1,0,2,1,0,0,0,0
hbxlp.media.net,publicidad,0,0,0,0,4,1,0,0,0,0,0,0,0,0,0,0,0,0,0
hde.tynt.com,publicidad,0,0,0,0,0,0,0,0,0,0,2,1,0,2,1,0,0,0,0
hp.taboola.com,publicidad,0,0,0,0,0,0,0,0,0,0,0,0,0,2,1,0,0,0,0
htlb.casalemedia.com,publicidad,0,0,0,0,0,0,0,2,1,0,2,1,0,0,0,0,2,1,0
i.ctnsnet.com,desconocido,0,0,0,0,0,0,0,0,0,0,0,0,0,2,1,0,0,0,0
i.liadm.com,publicidad,0,0,0,0,2,1,0,4,1,0,2,1,0,3,1,0,2,1,0
i.w55c.net,publicidad,0,0,0,0,0,0,0,0,0,0,0,0,0,2,1,0,0,0,0
ib.adnxs.com,publicidad,0,2,0,0,2,1,0,4,1,0,4,1,0,4,1,0,2,1,0
ice.360yield.com,publicidad,0,0,0,0,0,0,0,0,0,0,0,0,0,2,1,0,0,0,0
id.a-mx.com,rastreador,0,0,0,0,0,0,0,0,0,0,4,1,0,4,1,0,0,0,0
id.cxense.com,rastreador,0,0,0,0,0,0,0,0,0,0,0,0,0,0,0,0,2,1,0
id.rlcdn.com,publicidad,0,0,0,0,0,0,0,2,1,0,2,1,0,2,1,0,2,1,0
id.rtb.mx,desconocido,0,0,0,0,0,0,0,0,0,0,2,1,0,2,1,0,0,0,0
id5-sync.com,publicidad,0,0,0,0,0,0,0,0,0,0,4,1,0,2,1,0,0,0,0
ident.mygaru.com,desconocido,0,0,0,0,0,0,0,0,0,0,2,1,0,0,0,0,0,0,0
idpix.media6degrees.com,publicidad,0,0,0,0,0,0,0,0,0,0,4,1,0,2,1,0,0,0,0
idsync.rlcdn.com,publicidad,0,0,0,0,2,1,0,2,1,0,4,1,0,2,1,0,2,1,0
ih.adscale.de,publicidad,0,0,0,0,0,0,0,0,0,0,2,1,0,2,1,0,0,0,0
image2.pubmatic.com,publicidad,0,0,0,0,2,1,0,2,1,0,2,1,0,2,1,0,0,0,0
image4.pubmatic.com,publicidad,0,0,0,0,2,1,0,2,1,0,2,1,0,2,1,0,0,0,0
image6.pubmatic.com,publicidad,0,0,0,0,2,1,0,2,1,0,2,1,0,2,1,0,0,0,0
image8.pubmatic.com,desconocido,0,0,0,0,0,0,0,0,0,0,4,1,0,2,1,0,0,0,0
images.taboola.com,publicidad,0,0,0,0,0,0,0,2,1,0,0,0,0,4,1,0,0,0,0
images.wsj.net,desconocido,1,0,0,0,0,0,0,0,0,0,0,0,0,0,0,0,2,1,0
imasdk.googleapis.com,desconocido,0,2,1,0,0,0,0,0,0,0,4,1,0,4,1,0,0,0,0
imprlatbmp.taboola.com,publicidad,0,0,0,0,0,0,0,0,0,0,0,0,0,2,1,0,0,0,0
inmobi-match.dotomi.com,publicidad,0,0,0,0,0,0,0,0,0,0,0,0,0,2,1,0,0,0,0
inv-nets.admixer.net,publicidad,0,0,0,0,0,0,0,0,0,0,0,0,0,2,1,0,0,0,0
invstatic101.creativecdn.com,desconocido,0,0,0,0,0,0,0,0,0,0,2,1,0,0,0,0,2,1,0
ipac.ctnsnet.com,desconocido,0,0,0,0,0,0,0,0,0,0,2,1,0,2,1,0,0,0,0
iteratehq.com,desconocido,0,0,0,0,2,1,0,0,0,0,0,0,0,0,0,0,0,0,0
ittpx.eskimi.com,desconocido,0,0,0,0,0,0,0,0,0,0,0,0,0,2,1,0,0,0,0
jadserve.postrelease.com,publicidad,0,0,0,0,0,0,0,2,1,0,4,1,0,4,1,0,2,1,0
js-agent.newrelic.com,publicidad,0,0,0,0,0,0,0,0,0,0,0,0,0,0,0,0,2,1,0
js-sec.indexww.com,publicidad,0,2,0,0,0,0,0,2,1,0,4,1,0,0,0,0,2,1,0
js.appboycdn.com,publicidad,0,0,0,0,0,0,0,2,1,0,0,0,0,0,0,0,2,1,0
js.datadome.co,desconocido,0,0,0,0,0,0,0,0,0,0,0,0,0,0,0,0,2,1,0
js.dmtry.com,desconocido,0,0,0,0,0,0,0,0,0,0,0,0,0,5,1,0,0,0,0
js.outcomes.net,desconocido,0,0,0,0,0,0,0,0,0,0,2,1,0,0,0,0,0,0,0
js.stripe.com,desconocido,0,4,1,0,0,0,0,0,0,0,0,0,0,0,0,0,0,0,0
jsconfig.adsafeprotected.com,publicidad,0,0,0,0,0,0,0,0,0,0,2,1,0,2,1,0,2,1,0
krk2.kargo.com,publicidad,0,0,0,0,0,0,0,2,1,0,2,0,0,0,0,0,0,0,0
la-match.taboola.com,publicidad,0,0,0,0,0,0,0,0,0,0,0,0,0,2,1,0,0,0,0
la-trc-events.taboola.com,publicidad,0,0,0,0,0,0,0,0,0,0,0,0,0,2,1,0,0,0,0
la-vid-events.taboola.com,publicidad,0,0,0,0,0,0,0,0,0,0,0,0,0,2,1,0,0,0,0
launchpad-wrapper.privacymanager.io,desconocido,0,0,0,0,2,1,0,0,0,0,0,0,0,0,0,0,0,0,0
launchpad.privacymanager.io,desconocido,0,0,0,0,2,1,0,0,0,0,0,0,0,0,0,0,0,0,0
lb.eu-1-id5-sync.com,rastreador,0,0,0,0,0,0,0,0,0,0,2,1,0,0,0,0,0,0,0
lightning.cnn.com,desconocido,1,2,1,0,0,0,0,0,0,0,0,0,0,0,0,0,0,0,0
link.h-cdn.com,desconocido,0,0,0,0,0,0,0,2,1,0,0,0,0,0,0,0,0,0,0
live.primis.tech,desconocido,0,0,0,0,0,0,0,0,0,0,4,1,0,2,1,0,0,0,0
log.dmtry.com,desconocido,0,0,0,0,0,0,0,0,0,0,0,0,0,5,1,0,0,0,0
logx.optimizely.com,rastreador,0,0,0,0,0,0,0,2,1,0,0,0,0,0,0,0,0,0,0
loki-ingest.fox.com,desconocido,1,0,0,0,0,0,0,2,1,0,0,0,0,0,0,0,0,0,0
m.stripe.com,desconocido,0,2,1,0,0,0,0,0,0,0,0,0,0,0,0,0,0,0,0
m.stripe.network,desconocido,0,2,1,0,0,0,0,0,0,0,0,0,0,0,0,0,0,0,0
mab.chartbeat.com,publicidad,0,0,0,0,0,0,0,2,1,0,2,1,0,0,0,0,0,0,0
mabping.chartbeat.net,publicidad,0,0,0,0,0,0,0,3,1,0,2,1,0,0,0,0,0,0,0
match.adsby.bidtheatre.com,publicidad,0,0,0,0,0,0,0,0,0,0,2,1,0,2,1,0,0,0,0
match.adsrvr.org,publicidad,0,0,0,0,2,1,0,4,1,0,4,1,0,4,1,0,4,1,0
match.deepintent.com,publicidad,0,0,0,0,2,1,0,2,1,0,2,1,0,2,1,0,0,0,0
match.prod.bidr.io,publicidad,0,0,0,0,2,1,0,2,1,0,2,1,0,2,1,0,2,1,0
match.sharethrough.com,publicidad,0,0,0,0,0,0,0,0,0,0,6,1,0,4,1,0,2,1,0
mb9eo.publishers.tremorhub.com,publicidad,0,0,0,0,0,0,0,0,0,0,2,1,0,0,0,0,0,0,0
mcdp-wndc1.outbrain.com,publicidad,0,0,0,0,0,0,0,0,0,0,0,0,0,0,0,0,2,1,0
measureadv.com,rastreador,0,0,0,0,0,0,0,0,0,0,0,0,0,2,1,0,0,0,0
media-net-cookie-sync.claritas.com,desconocido,0,0,0,0,2,1,0,0,0,0,0,0,0,0,0,0,0,0,0
media.cnn.com,desconocido,1,2,1,0,0,0,0,0,0,0,0,0,0,0,0,0,0,0,0
medianet-match.dotomi.com,publicidad,0,0,0,0,2,1,0,0,0,0,0,0,0,0,0,0,0,0,0
metrics.foxnews.com,rastreador,1,0,0,0,0,0,0,2,0,0,0,0,0,0,0,0,0,0,0
metrics.zeustechnology.com,desconocido,0,0,0,0,0,0,0,0,0,0,2,1,0,0,0,0,0,0,0
ml314.com,publicidad,0,0,0,0,0,0,0,0,0,0,2,1,0,2,1,0,2,1,0
ms-cookie-sync.presage.io,desconocido,0,0,0,0,0,0,0,0,0,0,0,0,0,2,1,0,0,0,0
mv.outbrain.com,publicidad,0,0,0,0,0,0,0,0,0,0,0,0,0,0,0,0,2,1,0
my.foxnews.com,desconocido,1,0,0,0,0,0,0,2,1,0,0,0,0,0,0,0,0,0,0
news.google.com,desconocido,0,0,0,0,0,0,0,0,0,0,4,1,0,0,0,0,0,0,0
newsletters.washingtonpost.com,desconocido,1,0,0,0,0,0,0,0,0,0,2,1,0,0,0,0,0,0,0
nid.wsj.com,desconocido,1,0,0,0,0,0,0,0,0,0,0,0,0,0,0,0,2,1,0
ny77jj.washingtonpost.com,desconocido,1,0,0,0,0,0,0,0,0,0,2,1,0,0,0,0,0,0,0
nyt-dti-prd-staticjs.storage.googleapis.com,desconocido,0,0,0,0,2,1,0,0,0,0,0,0,0,0,0,0,0,0,0
oa.openxcdn.net,desconocido,0,0,0,0,0,0,0,0,0,0,2,1,0,0,0,0,2,1,0
ogury-match.dotomi.com,publicidad,0,0,0,0,0,0,0,0,0,0,0,0,0,2,1,0,0,0,0
oms.dowjoneson.com,rastreador,1,0,0,0,0,0,0,0,0,0,0,0,0,0,0,0,2,1,0
onetag-sys.com,desconocido,0,0,0,0,0,0,0,0,0,0,2,1,0,2,1,0,0,0,0
openx-ums.acuityplatform.com,publicidad,0,0,0,0,0,0,0,0,0,0,0,0,0,2,1,0,0,0,0
openx2-match.dotomi.com,publicidad,0,0,0,0,0,0,0,0,0,0,0,0,0,2,1,0,0,0,0
opinion-images.wsj.net,desconocido,1,0,0,0,0,0,0,0,0,0,0,0,0,0,0,0,2,1,0
opps.taboola.com,publicidad,0,0,0,0,0,0,0,0,0,0,0,0,0,2,1,0,0,0,0
ortb.vdo.ai,desconocido,0,0,0,0,0,0,0,0,0,0,0,0,0,2,1,0,0,0,0
out053a3bejgh7t0phqa0csou.litix.io,publicidad,0,2,1,0,0,0,0,0,0,0,0,0,0,0,0,0,0,0,0
ow.pubmatic.com,publicidad,0,0,0,0,0,0,0,0,0,0,2,1,0,2,1,0,0,0,0
oxp.mxptint.net,publicidad,0,0,0,0,0,0,0,0,0,0,0,0,0,2,1,0,0,0,0
p.rfihub.com,desconocido,0,0,0,0,2,1,0,3,1,0,2,1,0,2,1,0,0,0,0
p.typekit.net,rastreador,0,0,0,0,0,0,0,0,0,0,0,0,0,0,0,0,2,1,0
p1.parsely.com,publicidad,0,0,0,0,0,0,0,0,0,0,0,0,0,0,0,0,2,1,0
pagead2.googlesyndication.com,publicidad,0,2,0,0,4,1,0,4,1,0,4,1,0,4,1,0,4,1,0
pay.google.com,desconocido,0,0,0,0,6,1,0,0,0,0,0,0,0,0,0,0,0,0,0
pb.zeustechnology.com,desconocido,0,0,0,0,0,0,0,0,0,0,4,1,0,0,0,0,0,0,0
pbc.wsj.com,desconocido,1,0,0,0,0,0,0,0,0,0,0,0,0,0,0,0,2,1,0
pblog.wsj.com,desconocido,1,0,0,0,0,0,0,0,0,0,0,0,0,0,0,0,2,1,0
pbs-cs.minutemedia-prebid.com,desconocido,0,0,0,0,0,0,0,0,0,0,0,0,0,2,1,0,0,0,0
pbs-cs.openwebmp.com,desconocido,0,0,0,0,0,0,0,0,0,0,2,1,0,0,0,0,0,0,0
pbs-cs.yellowblue.io,desconocido,0,0,0,0,0,0,0,0,0,0,0,0,0,2,1,0,0,0,0
pbs.yahoo.com,desconocido,0,0,0,0,0,0,0,2,1,0,2,1,0,2,1,0,2,1,0
pbsj.bricks-co.com,desconocido,0,0,0,0,0,0,0,0,0,0,0,0,0,2,1,0,0,0,0
perr.h-cdn.com,rastreador,0,0,0,0,0,0,0,2,1,0,0,0,0,0,0,0,0,0,0
pg-prebid-server.rubiconproject.com,publicidad,0,0,0,0,0,0,0,0,0,0,0,0,0,0,0,0,2,1,0
phx.bmtrcs.com,desconocido,0,0,0,0,2,1,0,0,0,0,2,1,0,0,0,0,0,0,0
piano.c2.wsj.com,desconocido,1,0,0,0,0,0,0,0,0,0,0,0,0,0,0,0,2,1,0
piano.vx.wsj.com,desconocido,1,0,0,0,0,0,0,0,0,0,0,0,0,0,0,0,2,1,0
ping.chartbeat.net,publicidad,0,0,0,0,0,0,0,2,1,0,2,1,0,0,0,0,0,0,0
pippio.com,rastreador,0,0,0,0,2,1,0,2,1,0,2,1,0,2,1,0,2,1,0
pix.pub,rastreador,0,0,0,0,0,0,0,2,1,0,0,0,0,0,0,0,0,0,0
pixel-config.reddit.com,desconocido,0,0,0,0,0,0,0,0,0,0,0,0,0,0,0,0,2,1,0
pixel-eu.rubiconproject.com,publicidad,0,0,0,0,0,0,0,0,0,0,2,1,0,2,1,0,0,0,0
pixel-sync.sitescout.com,desconocido,0,0,0,0,0,0,0,4,1,0,2,1,0,2,1,0,2,1,0
pixel-us-east.rubiconproject.com,publicidad,0,0,0,0,0,0,0,0,0,0,2,1,0,2,1,0,0,0,0
pixel-us-west.rubiconproject.com,publicidad,0,0,0,0,0,0,0,0,0,0,2,1,0,2,1,0,0,0,0
pixel.33across.com,publicidad,0,0,0,0,0,0,0,0,0,0,2,1,0,2,1,0,0,0,0
pixel.adsafeprotected.com,publicidad,0,0,0,0,0,0,0,0,0,0,2,1,0,2,1,0,2,1,0
pixel.onaudience.com,publicidad,0,0,0,0,2,1,0,2,1,0,2,1,0,2,1,0,0,0,0
pixel.quantserve.com,publicidad,0,0,0,0,0,0,0,0,0,0,2,1,0,0,0,0,0,0,0
pixel.rubiconproject.com,publicidad,0,0,0,0,2,1,0,4,1,0,4,1,0,4,1,0,4,1,0
pixel.tapad.com,publicidad,0,0,0,0,2,1,0,3,1,0,4,1,0,2,1,0,2,1,0
pl.primis.tech,desconocido,0,0,0,0,0,0,0,0,0,0,2,1,0,0,0,0,0,0,0
platform.iteratehq.com,rastreador,0,0,0,0,2,1,0,0,0,0,0,0,0,0,0,0,0,0,0
play.google.com,desconocido,0,0,0,0,4,1,0,0,0,0,2,1,0,2,0,0,0,0,0
player.h-cdn.com,desconocido,0,0,0,0,0,0,0,2,1,0,0,0,0,0,0,0,0,0,0
pm-widget.taboola.com,publicidad,0,0,0,0,0,0,0,0,0,0,0,0,0,2,1,0,0,0,0
pm.w55c.net,publicidad,0,0,0,0,0,0,0,0,0,0,0,0,0,2,1,0,0,0,0
pmp.mxptint.net,publicidad,0,0,0,0,0,0,0,2,1,0,2,1,0,2,1,0,0,0,0
pnytimes.chartbeat.net,publicidad,0,0,0,0,2,1,0,0,0,0,0,0,0,0,0,0,0,0,0
pool.liftdsp.com,desconocido,0,0,0,0,0,0,0,0,0,0,0,0,0,2,1,0,0,0,0
prebid-match.dotomi.com,publicidad,0,0,0,0,0,0,0,0,0,0,2,1,0,2,1,0,0,0,0
prebid-server.rubiconproject.com,publicidad,0,0,0,0,0,0,0,0,0,0,2,1,0,2,1,0,4,1,0
prebid.a-mo.net,desconocido,0,0,0,0,0,0,0,0,0,0,4,1,0,2,1,0,0,0,0
prebid.admatic.de,desconocido,0,0,0,0,0,0,0,0,0,0,0,0,0,2,1,0,0,0,0
prebid.adtarget.biz,desconocido,0,0,0,0,0,0,0,0,0,0,2,1,0,2,1,0,0,0,0
prebid.outcomes.net,desconocido,0,0,0,0,0,0,0,3,1,0,2,1,0,0,0,0,0,0,0
prebidsrvr.cootlogix.com,publicidad,0,0,0,0,0,0,0,0,0,0,3,1,0,3,1,0,0,0,0
prism-tracking.pacvue.com,desconocido,0,0,0,0,0,0,0,2,1,0,2,1,0,2,1,0,0,0,0
prod-foxkit.kts.fox,desconocido,0,0,0,0,0,0,0,2,1,0,0,0,0,0,0,0,0,0,0
prod-hp.foxnews.com,desconocido,1,0,0,0,0,0,0,2,1,0,0,0,0,0,0,0,0,0,0
prod.fennec.atp.fox,rastreador,0,0,0,0,0,0,0,3,1,0,0,0,0,0,0,0,0,0,0
prod.idgraph.dt.fox,desconocido,0,0,0,0,0,0,0,2,1,0,0,0,0,0,0,0,0,0,0
prod.pyxis.atp.fox,desconocido,0,0,0,0,0,0,0,2,1,0,0,0,0,0,0,0,0,0,0
prod1.fes.kts.fox,desconocido,0,0,0,0,0,0,0,2,1,0,0,0,0,0,0,0,0,0,0
protected-by.clarium.io,desconocido,0,0,0,0,0,0,0,2,1,0,0,0,0,6,1,0,0,0,0
ps.eyeota.net,publicidad,0,0,0,0,0,0,0,0,0,0,2,1,0,2,1,0,2,1,0
pub-admin-elections.foxnews.com,desconocido,1,0,0,0,0,0,0,2,1,0,0,0,0,0,0,0,0,0,0
pub.doubleverify.com,publicidad,0,0,0,0,0,0,0,0,0,0,2,1,0,0,0,0,2,1,0
pub.dv.tech,desconocido,0,0,0,0,0,0,0,0,0,0,2,1,0,0,0,0,0,0,0
pubads.g.doubleclick.net,publicidad,0,0,0,0,0,0,0,0,0,0,0,0,0,2,1,0,0,0,0
public-prod-dspcookiematching.dmxleo.com,desconocido,0,0,0,0,0,0,0,0,0,0,0,0,0,2,1,0,0,0,0
public.servenobid.com,desconocido,0,0,0,0,0,0,0,0,0,0,2,1,0,2,1,0,0,0,0
pubmatic-match.dotomi.com,publicidad,0,0,0,0,2,1,0,2,1,0,2,1,0,2,1,0,0,0,0
purr.nytimes.com,desconocido,1,0,0,0,2,1,0,0,0,0,0,0,0,0,0,0,0,0,0
px.ads.linkedin.com,publicidad,0,0,0,0,0,0,0,2,1,0,2,1,0,2,1,0,4,1,0
px.washingtonpost.com,desconocido,1,0,0,0,0,0,0,0,0,0,2,1,0,0,0,0,0,0,0
pxl.iqm.com,publicidad,0,0,0,0,0,0,0,0,0,0,0,0,0,2,1,0,0,0,0
quadquality.com,rastreador,0,0,0,0,0,0,0,0,0,0,0,0,0,0,0,0,2,1,0
r.casalemedia.com,publicidad,0,0,0,0,0,0,0,2,1,0,0,0,0,0,0,0,0,0,0
register.mediamelon.com,desconocido,0,2,1,0,0,0,0,0,0,0,0,0,0,0,0,0,0,0,0
registry.api.cnn.io,desconocido,1,2,1,0,0,0,0,0,0,0,0,0,0,0,0,0,0,0,0
reporting-api.gannettinnovation.com,rastreador,1,0,0,0,0,0,0,0,0,0,0,0,0,2,1,0,0,0,0
rjs.3gl.net,rastreador,0,0,0,0,0,0,0,0,0,0,2,1,0,0,0,0,0,0,0
rt.marphezis.com,desconocido,0,0,0,0,0,0,0,0,0,0,2,1,0,2,1,0,0,0,0
rtb-csync.smartadserver.com,publicidad,0,0,0,0,0,0,0,2,1,0,2,1,0,2,1,0,0,0,0
rtb-us.pubeasy.io,desconocido,0,0,0,0,0,0,0,0,0,0,0,0,0,2,1,0,0,0,0
rtb.adentifi.com,desconocido,0,0,0,0,0,0,0,4,1,0,2,1,0,2,1,0,2,1,0
rtb.adstanding.com,publicidad,0,0,0,0,0,0,0,0,0,0,0,0,0,2,1,0,0,0,0
rtb.gumgum.com,publicidad,0,0,0,0,0,0,0,0,0,0,0,0,0,2,1,0,0,0,0
rtb.mfadsrvr.com,publicidad,0,0,0,0,0,0,0,0,0,0,2,1,0,2,1,0,0,0,0
rtb.nexverse.ai,desconocido,0,0,0,0,0,0,0,0,0,0,2,1,0,0,0,0,0,0,0
rtb.openx.net,publicidad,0,0,0,0,0,0,0,2,1,0,4,1,0,2,1,0,2,1,0
rtb.primis.tech,desconocido,0,0,0,0,0,0,0,0,0,0,2,1,0,0,0,0,0,0,0
rtb2-useast.delivrdsp.ai,desconocido,0,0,0,0,0,0,0,0,0,0,2,1,0,0,0,0,0,0,0
rtd-tm.everesttech.net,rastreador,0,0,0,0,0,0,0,0,0,0,0,0,0,2,1,0,0,0,0
rumcdn.geoedge.be,rastreador,0,0,0,0,2,1,0,0,0,0,2,1,0,0,0,0,0,0,0
s.ad.smaato.net,desconocido,0,0,0,0,0,0,0,0,0,0,2,1,0,2,1,0,0,0,0
s.adtelligent.com,desconocido,0,0,0,0,0,0,0,0,0,0,3,1,0,3,1,0,0,0,0
s.amazon-adsystem.com,publicidad,0,0,0,0,2,1,0,2,1,0,4,1,0,2,1,0,4,1,0
s.c.appier.net,desconocido,0,0,0,0,0,0,0,0,0,0,2,1,0,2,1,0,0,0,0
s.company-target.com,desconocido,0,0,0,0,0,0,0,2,1,0,2,1,0,2,1,0,2,1,0
s.go-mpulse.net,rastreador,0,0,0,0,0,0,0,0,0,0,2,1,0,0,0,0,0,0,0
s.pinimg.com,desconocido,0,0,0,0,0,0,0,0,0,0,0,0,0,0,0,0,2,1,0
s.seedtag.com,desconocido,0,0,0,0,0,0,0,0,0,0,4,1,0,2,1,0,0,0,0
s.tribalfusion.com,publicidad,0,0,0,0,0,0,0,2,1,0,2,1,0,4,1,0,0,0,0
s0.2mdn.net,publicidad,0,0,0,0,0,0,0,0,0,0,2,1,0,4,1,0,0,0,0
sac.wsj.com,desconocido,1,0,0,0,0,0,0,0,0,0,0,0,0,0,0,0,2,1,0
samizdat-graphql.nytimes.com,desconocido,1,0,0,0,2,1,0,0,0,0,0,0,0,0,0,0,0,0,0
sb.scorecardresearch.com,publicidad,0,0,0,0,2,1,0,2,1,0,2,1,0,2,1,0,2,1,0
sdk.iad-05.braze.com,desconocido,0,0,0,0,0,0,0,2,1,0,0,0,0,0,0,0,0,0,0
sdk.iad-07.braze.com,desconocido,0,0,0,0,0,0,0,0,0,0,0,0,0,0,0,0,2,1,0
secure-assets.rubiconproject.com,publicidad,0,0,0,0,0,0,0,0,0,0,2,1,0,2,1,0,0,0,0
secure-dcr.imrworldwide.com,rastreador,0,0,0,0,0,0,0,2,1,0,0,0,0,0,0,0,0,0,0
secure-us.imrworldwide.com,rastreador,0,0,0,0,0,0,0,2,1,0,0,0,0,0,0,0,4,1,0
secure.adnxs.com,publicidad,0,0,0,0,0,0,0,0,0,0,4,1,0,4,1,0,2,1,0
secure.cdn.fastclick.net,publicidad,0,0,0,0,0,0,0,0,0,0,0,0,0,2,1,0,0,0,0
securedvisit.com,desconocido,0,0,0,0,0,0,0,0,0,0,2,1,0,0,0,0,2,1,0
securepubads.g.doubleclick.net,publicidad,0,2,0,0,4,1,0,2,1,0,4,1,0,2,1,0,2,1,0
server.smartytech.io,desconocido,0,0,0,0,0,0,0,0,0,0,2,1,0,2,1,0,0,0,0
sg.semasio.net,publicidad,0,0,0,0,2,1,0,2,1,0,2,1,0,2,1,0,0,0,0
shared-data.dowjones.io,desconocido,0,0,0,0,0,0,0,0,0,0,0,0,0,0,0,0,2,1,0
simage2.pubmatic.com,desconocido,0,0,0,0,2,1,0,4,1,0,4,1,0,2,1,0,0,0,0
simage4.pubmatic.com,desconocido,0,0,0,0,2,1,0,4,1,0,2,1,0,2,1,0,0,0,0
smetrics.foxnews.com,rastreador,1,0,0,0,0,0,0,2,1,0,0,0,0,0,0,0,0,0,0
snap.licdn.com,desconocido,0,0,0,0,0,0,0,0,0,0,0,0,0,0,0,0,2,1,0
sonata-notifications.taptapnetworks.com,desconocido,0,0,0,0,0,0,0,0,0,0,2,1,0,2,1,0,0,0,0
sonic.impactify.media,desconocido,0,0,0,0,0,0,0,0,0,0,2,1,0,2,1,0,0,0,0
sponsorship-lines.zeustechnology.com,desconocido,0,0,0,0,0,0,0,0,0,0,2,1,0,0,0,0,0,0,0
ssb-use1.smartadserver.com,publicidad,0,0,0,0,0,0,0,0,0,0,0,0,0,2,1,0,0,0,0
ssbsync-global.smartadserver.com,publicidad,0,0,0,0,0,0,0,0,0,0,6,1,0,2,1,0,0,0,0
ssbsync-us.smartadserver.com,publicidad,0,0,0,0,0,0,0,0,0,0,2,1,0,0,0,0,0,0,0
ssbsync.smartadserver.com,publicidad,0,0,0,0,0,0,0,0,0,0,3,1,0,2,1,0,0,0,0
ssc-cms.33across.com,publicidad,0,0,0,0,0,0,0,0,0,0,2,1,0,2,1,0,0,0,0
sslwidget.criteo.com,publicidad,0,0,0,0,0,0,0,2,1,0,0,0,0,0,0,0,0,0,0
ssp-sync.criteo.com,publicidad,0,0,0,0,0,0,0,0,0,0,2,1,0,4,1,0,2,1,0
ssp.disqus.com,desconocido,0,0,0,0,0,0,0,0,0,0,2,1,0,2,1,0,0,0,0
ssp.wp.pl,desconocido,0,0,0,0,0,0,0,0,0,0,0,0,0,2,1,0,0,0,0
ssum-sec.casalemedia.com,publicidad,0,0,0,0,2,1,0,2,1,0,4,1,0,2,1,0,2,1,0
ssum.casalemedia.com,publicidad,0,0,0,0,0,0,0,0,0,0,2,1,0,2,1,0,0,0,0
static.ads-twitter.com,publicidad,0,0,0,0,0,0,0,0,0,0,0,0,0,0,0,0,2,1,0
static.adsafeprotected.com,publicidad,0,2,0,0,0,0,0,0,0,0,2,1,0,2,1,0,2,1,0
static.cdn.admatic.de,desconocido,0,0,0,0,0,0,0,0,0,0,0,0,0,2,1,0,0,0,0
static.cdn.trustx.org,publicidad,0,0,0,0,0,0,0,0,0,0,0,0,0,2,1,0,0,0,0
static.chartbeat.com,publicidad,0,0,0,0,2,1,0,2,1,0,2,1,0,0,0,0,0,0,0
static.cloudflareinsights.com,publicidad,0,0,0,0,0,0,0,0,0,0,2,1,0,2,1,0,2,1,0
static.criteo.net,publicidad,0,0,0,0,0,0,0,2,1,0,2,1,0,2,1,0,2,1,0
static.foxnews.com,desconocido,1,0,0,0,0,0,0,2,1,0,0,0,0,0,0,0,0,0,0
static.qovani.com,rastreador,0,0,0,0,0,0,0,2,1,0,0,0,0,0,0,0,0,0,0
static.trueanthem.com,desconocido,0,0,0,0,0,0,0,2,1,0,0,0,0,0,0,0,0,0,0
static01.nyt.com,desconocido,1,0,0,0,4,1,0,0,0,0,0,0,0,0,0,0,0,0,0
static01.nytimes.com,desconocido,1,0,0,0,4,1,0,0,0,0,0,0,0,0,0,0,0,0,0
stats.g.doubleclick.net,publicidad,0,0,0,0,0,0,0,0,0,0,2,1,0,0,0,0,2,1,0
stx-match.dotomi.com,publicidad,0,0,0,0,0,0,0,0,0,0,0,0,0,2,1,0,0,0,0
su.addthis.com,desconocido,0,0,0,0,0,0,0,0,0,0,5,1,0,0,0,0,0,0,0
su.semasio.net,publicidad,0,0,0,0,0,0,0,0,0,0,0,0,0,2,1,0,0,0,0
subscribe.washingtonpost.com,desconocido,1,0,0,0,0,0,0,0,0,0,2,1,0,0,0,0,0,0,0
sync-amz.ads.yieldmo.com,publicidad,0,0,0,0,0,0,0,0,0,0,2,1,0,0,0,0,0,0,0
sync-t1.taboola.com,publicidad,0,0,0,0,0,0,0,2,1,0,0,0,0,2,1,0,0,0,0
sync-tm.everesttech.net,rastreador,0,0,0,0,2,1,0,2,1,0,2,1,0,2,1,0,2,1,0
sync.1rx.io,publicidad,0,0,0,0,2,1,0,2,1,0,4,1,0,2,1,0,2,1,0
sync.a-mo.net,desconocido,0,0,0,0,0,0,0,0,0,0,2,1,0,2,1,0,0,0,0
sync.adkernel.com,desconocido,0,0,0,0,0,0,0,2,1,0,2,1,0,2,1,0,0,0,0
sync.adotmob.com,publicidad,0,0,0,0,0,0,0,0,0,0,0,0,0,2,1,0,0,0,0
sync.adtech.ink,desconocido,0,0,0,0,0,0,0,2,1,0,2,1,0,2,1,0,0,0,0
sync.adtelligent.com,desconocido,0,0,0,0,0,0,0,0,0,0,2,1,0,2,1,0,0,0,0
sync.aniview.com,publicidad,0,0,0,0,0,0,0,2,1,0,2,1,0,2,1,0,0,0,0
sync.aralego.com,publicidad,0,0,0,0,0,0,0,0,0,0,0,0,0,2,1,0,0,0,0
sync.bfmio.com,rastreador,0,0,0,0,0,0,0,0,0,0,0,0,0,2,1,0,0,0,0
sync.bidmatic.io,desconocido,0,0,0,0,0,0,0,0,0,0,2,1,0,2,1,0,0,0,0
sync.colossusssp.com,desconocido,0,0,0,0,0,0,0,0,0,0,0,0,0,4,1,0,0,0,0
sync.cootlogix.com,publicidad,0,0,0,0,0,0,0,0,0,0,0,0,0,2,1,0,0,0,0
sync.copper6.com,desconocido,0,0,0,0,0,0,0,0,0,0,2,1,0,2,1,0,0,0,0
sync.copper6.live,desconocido,0,0,0,0,0,0,0,0,0,0,0,0,0,2,1,0,0,0,0
sync.crwdcntrl.net,rastreador,0,0,0,0,2,1,0,3,1,0,2,1,0,2,1,0,0,0,0
sync.drift-pixel.ai,desconocido,0,0,0,0,0,0,0,0,0,0,0,0,0,2,1,0,0,0,0
sync.dxtech.ai,desconocido,0,0,0,0,0,0,0,0,0,0,2,1,0,2,1,0,0,0,0
sync.go.sonobi.com,publicidad,0,0,0,0,0,0,0,0,0,0,2,1,0,2,1,0,0,0,0
sync.ingage.tech,desconocido,0,0,0,0,0,0,0,0,0,0,2,1,0,0,0,0,0,0,0
sync.inmobi.com,publicidad,0,0,0,0,0,0,0,0,0,0,4,1,0,2,1,0,0,0,0
sync.intentiq.com,desconocido,0,0,0,0,0,0,0,0,0,0,0,0,0,2,1,0,0,0,0
sync.ipredictive.com,publicidad,0,0,0,0,2,1,0,2,1,0,2,1,0,2,1,0,2,1,0
sync.iqzonertb.live,desconocido,0,0,0,0,0,0,0,2,1,0,2,1,0,2,1,0,0,0,0
sync.kueez.com,desconocido,0,0,0,0,0,0,0,0,0,0,0,0,0,13,1,0,0,0,0
sync.kueezrtb.com,publicidad,0,0,0,0,0,0,0,0,0,0,4,1,0,2,1,0,0,0,0
sync.mathtag.com,publicidad,0,0,0,0,0,0,0,2,1,0,3,1,0,2,1,0,0,0,0
sync.ottadvisors.com,desconocido,0,0,0,0,0,0,0,0,0,0,2,1,0,2,1,0,0,0,0
sync.outbrain.com,publicidad,0,0,0,0,0,0,0,2,1,0,0,0,0,2,1,0,0,0,0
sync.p7cloud.net,rastreador,0,0,0,0,2,1,0,2,1,0,2,1,0,2,1,0,0,0,0
sync.pinklion.io,desconocido,0,0,0,0,0,0,0,0,0,0,0,0,0,2,1,0,0,0,0
sync.pmbmonetize.live,desconocido,0,0,0,0,0,0,0,0,0,0,2,1,0,2,1,0,0,0,0
sync.programmaticx.ai,desconocido,0,0,0,0,0,0,0,0,0,0,2,1,0,2,1,0,0,0,0
sync.rbstsystems.live,desconocido,0,0,0,0,0,0,0,0,0,0,0,0,0,2,1,0,0,0,0
sync.resetdigital.co,desconocido,0,0,0,0,0,0,0,0,0,0,2,1,0,2,1,0,0,0,0
sync.richaudience.com,publicidad,0,0,0,0,0,0,0,0,0,0,2,1,0,2,1,0,0,0,0
sync.serverbid.com,desconocido,0,0,0,0,0,0,0,0,0,0,0,0,0,2,1,0,0,0,0
sync.smartadserver.com,publicidad,0,0,0,0,0,0,0,0,0,0,2,1,0,2,1,0,0,0,0
sync.sparteo.com,desconocido,0,0,0,0,0,0,0,0,0,0,0,0,0,2,1,0,0,0,0
sync.springserve.com,publicidad,0,0,0,0,0,0,0,2,1,0,0,0,0,2,1,0,0,0,0
sync.srv.stackadapt.com,publicidad,0,0,0,0,2,1,0,2,1,0,4,1,0,2,1,0,2,1,0
sync.taboola.com,publicidad,0,0,0,0,0,0,0,0,0,0,0,0,0,2,1,0,0,0,0
sync.targeting.unrulymedia.com,publicidad,0,0,0,0,2,1,0,2,1,0,4,1,0,2,1,0,2,1,0
sync.technoratimedia.com,desconocido,0,0,0,0,0,0,0,0,0,0,0,0,0,2,1,0,0,0,0
sync.trustx.org,publicidad,0,0,0,0,0,0,0,0,0,0,0,0,0,2,1,0,0,0,0
sync.visx.net,desconocido,0,0,0,0,0,0,0,0,0,0,0,0,0,2,1,0,0,0,0
sync6.im-apps.net,desconocido,0,0,0,0,0,0,0,0,0,0,2,1,0,0,0,0,0,0,0
syncingbridge.com,rastreador,0,0,0,0,0,0,0,0,0,0,2,1,0,2,1,0,0,0,0
t.adx.opera.com,rastreador,0,0,0,0,0,0,0,2,1,0,2,1,0,4,1,0,4,1,0
t.co,publicidad,0,0,0,0,0,0,0,0,0,0,0,0,0,0,0,0,2,1,0
t.oa.opera.com,desconocido,0,0,0,0,0,0,0,2,1,0,3,1,0,4,1,0,4,1,0
t.trafmag.com,desconocido,0,0,0,0,0,0,0,0,0,0,2,1,0,2,1,0,0,0,0
tag.aticdn.net,rastreador,0,0,0,0,0,0,0,0,0,0,0,0,0,0,0,0,2,1,0
tag.simpli.fi,publicidad,0,0,0,0,0,0,0,0,0,0,0,0,0,2,1,0,0,0,0
tagan.adlightning.com,publicidad,0,0,0,0,0,0,0,0,0,0,0,0,0,0,0,0,2,1,0
tags.crwdcntrl.net,rastreador,0,0,0,0,0,0,0,0,0,0,2,1,0,0,0,0,0,0,0
tags.tiqcdn.com,publicidad,0,0,0,0,0,0,0,0,0,0,0,0,0,0,0,0,2,1,0
tags.wsj.com,desconocido,1,0,0,0,0,0,0,0,0,0,0,0,0,0,0,0,2,1,0
talk.washingtonpost.com,desconocido,1,0,0,0,0,0,0,0,0,0,2,0,0,0,0,0,0,0,0
thrtle.com,desconocido,0,0,0,0,0,0,0,0,0,0,0,0,0,2,1,0,0,0,0
tlx.3lift.com,publicidad,0,0,0,0,0,0,0,2,1,0,0,0,0,0,0,0,2,1,0
token.rubiconproject.com,publicidad,0,0,0,0,0,0,0,2,1,0,2,1,0,2,1,0,2,1,0
tpc.googlesyndication.com,publicidad,0,2,0,0,2,1,0,2,1,0,2,1,0,6,1,0,2,0,0
tps-dn-uw1.doubleverify.com,publicidad,0,0,0,0,0,0,0,0,0,0,2,1,0,0,0,0,0,0,0
tps.doubleverify.com,publicidad,0,0,0,0,2,1,0,0,0,0,2,1,0,0,0,0,2,1,0
tpsc-uw1.doubleverify.com,publicidad,0,0,0,0,2,1,0,0,0,0,2,1,0,0,0,0,2,1,0
tr.blismedia.com,desconocido,0,0,0,0,0,0,0,2,1,0,2,1,0,4,1,0,4,1,0
tr.outbrain.com,rastreador,0,0,0,0,0,0,0,0,0,0,0,0,0,0,0,0,2,1,0
trace.mediago.io,desconocido,0,0,0,0,0,0,0,0,0,0,2,1,0,2,1,0,0,0,0
trace.us.rtbwise.com,desconocido,0,0,0,0,0,0,0,0,0,0,2,1,0,2,1,0,2,1,0
tracker-shr.ortb.net,rastreador,0,0,0,0,0,0,0,0,0,0,0,0,0,2,1,0,0,0,0
tracker.ads-tinyorbit.com,desconocido,0,0,0,0,0,0,0,0,0,0,0,0,0,2,1,0,0,0,0
tracker.exchange.amitydigital.io,desconocido,0,0,0,0,0,0,0,0,0,0,0,0,0,2,1,0,0,0,0
tracker.rtb-oveeo.com,desconocido,0,0,0,0,0,0,0,0,0,0,2,1,0,0,0,0,0,0,0
tracker.ssp.balance-x.com,desconocido,0,0,0,0,0,0,0,0,0,0,2,1,0,2,1,0,0,0,0
tracookiepixel.xyz,desconocido,0,0,0,0,2,1,0,2,1,0,4,1,0,2,1,0,0,0,0
traxex.gannettdigital.com,rastreador,1,0,0,0,0,0,0,0,0,0,0,0,0,2,1,0,0,0,0
trc.taboola.com,publicidad,0,0,0,0,0,0,0,2,1,0,0,0,0,6,1,0,0,0,0
trends.revcontent.com,publicidad,0,0,0,0,0,0,0,2,1,0,0,0,0,0,0,0,0,0,0
triplelift-match.dotomi.com,publicidad,0,0,0,0,0,0,0,0,0,0,0,0,0,2,1,0,2,1,0
tsdtocl.com,desconocido,0,0,0,0,0,0,0,0,0,0,0,0,0,2,1,0,0,0,0
u-ams.4dex.io,desconocido,0,0,0,0,0,0,0,0,0,0,2,1,0,2,1,0,0,0,0
u-las.4dex.io,desconocido,0,0,0,0,0,0,0,0,0,0,2,1,0,2,1,0,0,0,0
u.4dex.io,desconocido,0,0,0,0,0,0,0,0,0,0,2,1,0,2,1,0,0,0,0
u.openx.net,publicidad,0,0,0,0,2,1,0,0,0,0,2,1,0,2,1,0,2,1,0
uipglob.semasio.net,publicidad,0,0,0,0,2,1,0,4,1,0,2,1,0,2,1,0,0,0,0
um.simpli.fi,publicidad,0,0,0,0,2,1,0,2,1,0,2,1,0,2,1,0,2,1,0
ums.acuityplatform.com,publicidad,0,0,0,0,2,1,0,2,1,0,2,1,0,3,1,0,0,0,0
unpkg.com,desconocido,0,0,0,0,0,0,0,0,0,0,2,1,0,0,0,0,0,0,0
ups.analytics.yahoo.com,rastreador,0,0,0,0,2,1,0,2,1,0,4,1,0,4,1,0,4,1,0
us-east-1-cs-rtb.openwebmp.com,desconocido,0,0,0,0,0,0,0,0,0,0,2,1,0,2,1,0,0,0,0
us-u.openx.net,publicidad,0,0,0,0,2,1,0,2,1,0,2,1,0,2,1,0,2,1,0
us.ck-ie.com,desconocido,0,0,0,0,0,0,0,0,0,0,0,0,0,2,1,0,0,0,0
us.tags.newscgp.com,desconocido,0,0,0,0,0,0,0,0,0,0,0,0,0,0,0,0,2,1,0
us4.shb-sync.com,desconocido,0,0,0,0,0,0,0,0,0,0,2,1,0,2,1,0,0,0,0
use.fontawesome.com,desconocido,0,0,0,0,0,0,0,2,1,0,0,0,0,0,0,0,2,1,0
use.typekit.net,desconocido,0,0,0,0,0,0,0,0,0,0,0,0,0,0,0,0,2,1,0
user-sync.fwmrm.net,desconocido,0,0,0,0,2,1,0,2,1,0,4,1,0,2,1,0,0,0,0
user.usatoday.com,desconocido,1,0,0,0,0,0,0,0,0,0,0,0,0,2,1,0,0,0,0
usermatch.krxd.net,rastreador,0,0,0,0,0,0,0,0,0,0,9,1,0,4,1,0,0,0,0
usr.undertone.com,publicidad,0,0,0,0,0,0,0,0,0,0,0,0,0,2,1,0,0,0,0
usw1-sync.a-mo.net,desconocido,0,0,0,0,0,0,0,0,0,0,4,1,0,3,1,0,0,0,0
usync.4dex.io,desconocido,0,0,0,0,0,0,0,0,0,0,2,1,0,2,1,0,0,0,0
usync.ingage.tech,desconocido,0,0,0,0,0,0,0,0,0,0,0,0,0,2,1,0,0,0,0
ut.pubmatic.com,desconocido,0,0,0,0,2,1,0,2,1,0,2,1,0,2,1,0,0,0,0
vi.ml314.com,publicidad,0,0,0,0,0,0,0,0,0,0,2,1,0,0,0,0,0,0,0
video.primis.tech,desconocido,0,0,0,0,0,0,0,0,0,0,2,1,0,0,0,0,0,0,0
vidstat.taboola.com,publicidad,0,0,0,0,0,0,0,0,0,0,0,0,0,2,1,0,0,0,0
visitor-ow.omnitagjs.com,desconocido,0,0,0,0,0,0,0,0,0,0,2,1,0,2,1,0,0,0,0
visitor-programmaticx.omnitagjs.com,desconocido,0,0,0,0,0,0,0,0,0,0,5,1,0,8,1,0,0,0,0
visitor-px.omnitagjs.com,desconocido,0,0,0,0,0,0,0,0,0,0,5,1,0,8,1,0,0,0,0
visitor.omnitagjs.com,desconocido,0,0,0,0,0,0,0,0,0,0,2,1,0,2,1,0,0,0,0
vop.sundaysky.com,desconocido,0,0,0,0,0,0,0,0,0,0,0,0,0,2,1,0,0,0,0
vp.nyt.com,desconocido,1,0,0,0,4,1,0,0,0,0,0,0,0,0,0,0,0,0,0
vtrk.dv.tech,rastreador,0,0,0,0,0,0,0,0,0,0,2,0,0,0,0,0,2,1,0
wapo-qa.washingtonpost.com,desconocido,1,0,0,0,0,0,0,0,0,0,2,1,0,0,0,0,0,0,0
wapo.zeustechnology.com,desconocido,0,0,0,0,0,0,0,0,0,0,2,1,0,0,0,0,0,0,0
warp.media.net,publicidad,0,0,0,0,2,1,0,0,0,0,0,0,0,0,0,0,0,0,0
wave.outbrain.com,publicidad,0,0,0,0,0,0,0,0,0,0,0,0,0,0,0,0,2,1,0
web-banner.ads.aps.amazon-adsystem.com,publicidad,0,0,0,0,2,1,0,2,1,0,2,1,0,4,1,0,2,1,0
web-cf-event-cell8005.ads.aps.amazon-adsystem.com,publicidad,0,0,0,0,0,0,0,0,0,0,0,0,0,2,1,0,0,0,0
web-video.ads.aps.amazon-adsystem.com,publicidad,0,0,0,0,0,0,0,0,0,0,2,1,0,0,0,0,0,0,0
widget-pixels.outbrain.com,rastreador,0,0,0,0,0,0,0,0,0,0,0,0,0,0,0,0,2,1,0
widgets.outbrain.com,publicidad,0,0,0,0,0,0,0,0,0,0,0,0,0,0,0,0,4,1,0
wsjstream.wsj.net,desconocido,1,0,0,0,0,0,0,0,0,0,0,0,0,0,0,0,2,1,0
wt.rqtrk.eu,publicidad,0,0,0,0,0,0,0,0,0,0,0,0,0,2,1,0,0,0,0
www.cnn.com,desconocido,1,2,1,0,0,0,0,0,0,0,0,0,0,0,0,0,0,0,0
www.datadoghq-browser-agent.com,desconocido,0,0,0,0,2,1,0,0,0,0,0,0,0,0,0,0,0,0,0
www.dianomi.com,publicidad,0,0,0,0,0,0,0,0,0,0,0,0,0,0,0,0,4,1,0
www.facebook.com,desconocido,0,0,0,0,0,0,0,0,0,0,0,0,0,0,0,0,2,1,0
www.foxbusiness.com,desconocido,0,0,0,0,0,0,0,2,1,0,0,0,0,0,0,0,0,0,0
www.foxnews.com,desconocido,1,0,0,0,0,0,0,2,1,0,0,0,0,0,0,0,0,0,0
www.google-analytics.com,publicidad,0,0,0,0,0,0,0,0,0,0,2,0,0,2,1,0,0,0,0
www.google.com,desconocido,0,4,0,0,6,1,0,6,1,0,6,1,0,4,1,0,6,1,0
www.google.com.co,desconocido,0,0,0,0,0,0,0,0,0,0,2,1,0,2,1,0,2,1,0
www.googleadservices.com,publicidad,0,0,0,0,0,0,0,0,0,0,0,0,0,0,0,0,2,1,0
www.googletagmanager.com,rastreador,0,0,0,0,2,1,0,2,1,0,2,1,0,2,1,0,2,1,0
www.gstatic.com,desconocido,0,4,1,0,6,1,0,6,1,0,8,1,0,4,1,0,4,1,0
www.knotch-cdn.com,desconocido,0,0,0,0,0,0,0,2,1,0,0,0,0,0,0,0,0,0,0
www.linkedin.com,desconocido,0,0,0,0,0,0,0,0,0,0,0,0,0,0,0,0,2,1,0
www.nytimes.com,desconocido,1,0,0,0,4,1,0,0,0,0,2,0,0,0,0,0,0,0,0
www.redditstatic.com,desconocido,0,0,0,0,0,0,0,0,0,0,0,0,0,0,0,0,2,1,0
www.temu.com,desconocido,0,0,0,0,2,1,0,3,1,0,2,1,0,4,1,0,4,1,0
www.usatoday.com,desconocido,1,0,0,0,0,0,0,0,0,0,0,0,0,6,1,0,0,0,0
www.usatodaynetworkservice.com,desconocido,0,0,0,0,0,0,0,0,0,0,0,0,0,4,1,0,0,0,0
www.washingtonpost.com,desconocido,1,0,0,0,0,0,0,0,0,0,2,1,0,0,0,0,0,0,0
www.wsj.com,desconocido,1,0,0,0,0,0,0,0,0,0,0,0,0,0,0,0,2,1,0
x.bidswitch.net,rastreador,0,0,0,0,2,1,0,5,1,0,3,1,0,4,1,0,4,1,0
